Date	Price	Open	High	Low
2022-04-29	37650.00	38590.00	38776.00	37596.00
2022-04-28	38581.00	39748.00	39919.00	38175.00
2022-04-27	39748.00	39243.00	40382.00	38888.00
2022-04-26	39243.00	38113.00	39447.00	37869.00
2022-04-25	38113.00	40443.00	40770.00	37708.00
2022-04-24	40427.00	39464.00	40599.00	38233.00
2022-04-23	39464.00	39434.00	39929.00	39033.00
2022-04-22	39418.00	39709.00	39973.00	39291.00
2022-04-21	39709.00	40487.00	40792.00	39200.00
2022-04-20	40482.00	41370.00	42969.00	39793.00
2022-04-19	41368.00	41499.00	42203.00	40915.00
2022-04-18	41503.00	40809.00	41746.00	40585.00
2022-04-17	40803.00	39700.00	41095.00	38577.00
2022-04-16	39703.00	40382.00	40599.00	39561.00
2022-04-15	40382.00	40571.00	40691.00	40003.00
2022-04-14	40560.00	39936.00	40850.00	39781.00
2022-04-13	39936.00	41133.00	41494.00	39585.00
2022-04-12	41133.00	40072.00	41515.00	39581.00
2022-04-11	40078.00	39507.00	40678.00	39265.00
2022-04-10	39497.00	42144.00	42418.00	39202.00
2022-04-09	42138.00	42760.00	43421.00	41884.00
2022-04-08	42767.00	42275.00	42809.00	42129.00
2022-04-07	42275.00	43450.00	43979.00	42113.00
2022-04-06	43448.00	43166.00	43893.00	42747.00
2022-04-05	43173.00	45494.00	45519.00	43122.00
2022-04-04	45506.00	46614.00	47201.00	45388.00
2022-04-03	46629.00	46407.00	46899.00	45152.00
2022-04-02	46407.00	45813.00	47435.00	45554.00
2022-04-01	45811.00	46299.00	47212.00	45641.00
2022-03-31	46297.00	45529.00	46728.00	44261.00
2022-03-30	45525.00	47071.00	47624.00	45228.00
2022-03-29	47075.00	47449.00	47714.00	46601.00
2022-03-28	47449.00	47126.00	48127.00	47029.00
2022-03-27	47105.00	46859.00	48199.00	46672.00
2022-03-26	46859.00	44542.00	46947.00	44445.00
2022-03-25	44548.00	44331.00	44818.00	44090.00
2022-03-24	44331.00	44013.00	45112.00	43622.00
2022-03-23	44013.00	42911.00	44251.00	42658.00
2022-03-22	42912.00	42373.00	43027.00	41795.00
2022-03-21	42373.00	41022.00	43327.90	40893.00
2022-03-20	41022.00	41282.00	41532.00	40530.00
2022-03-19	41276.00	42241.00	42301.00	40922.00
2022-03-18	42233.00	41768.00	42386.00	41529.60
2022-03-17	41767.80	40914.60	42308.40	40234.80
2022-03-16	40914.80	41118.70	41406.00	40557.80
2022-03-15	41118.70	39282.50	41701.60	38953.20
2022-03-14	39285.70	39673.00	39854.70	38220.90
2022-03-13	39671.10	37789.50	39914.30	37613.60
2022-03-12	37792.40	38813.20	39272.30	37603.40
2022-03-11	38814.30	38730.20	39355.30	38666.50
2022-03-10	38730.20	39422.50	40177.00	38236.40
2022-03-09	39416.30	41933.90	42029.10	38603.50
2022-03-08	41929.00	38731.50	42538.50	38663.30
2022-03-07	38744.80	38020.60	39351.50	37886.60
2022-03-06	38024.80	38420.60	39532.00	37182.10
2022-03-05	38403.10	39396.30	39668.10	38115.00
2022-03-04	39395.80	39142.80	39600.20	38626.10
2022-03-03	39142.70	42463.00	42848.70	38594.90
2022-03-02	42463.00	43912.80	44077.20	41840.80
2022-03-01	43912.80	44420.30	45294.20	43361.30
2022-02-28	44420.30	43187.20	44900.50	42876.60
2022-02-27	43188.20	37707.20	43977.80	37458.90
2022-02-26	37689.10	39116.60	39838.50	37062.30
2022-02-25	39115.50	39221.60	40094.50	38639.10
2022-02-24	39209.60	38339.20	39683.70	38042.60
2022-02-23	38339.20	37250.20	39351.60	34357.40
2022-02-22	37224.60	38248.20	39194.50	37099.50
2022-02-21	38248.20	37018.30	38414.90	36399.60
2022-02-20	37017.70	38355.00	39444.10	36868.90
2022-02-19	38355.00	40089.60	40120.30	38042.20
2022-02-18	40090.30	40000.10	40434.30	39666.60
2022-02-17	40000.10	40532.50	40935.50	39505.00
2022-02-16	40552.80	43885.50	44167.10	40103.80
2022-02-15	43883.60	44540.90	44552.90	43377.60
2022-02-14	44544.40	42550.30	44722.60	42460.10
2022-02-13	42550.30	42061.10	42799.70	41591.30
2022-02-12	42061.10	42205.50	42725.10	41880.10
2022-02-11	42205.20	42388.40	43006.40	41776.80
2022-02-10	42388.40	43519.30	43915.10	42023.40
2022-02-09	43521.00	44388.90	45755.20	43242.50
2022-02-08	44388.90	44038.20	44800.40	43163.00
2022-02-07	44038.20	43833.90	45399.80	42705.00
2022-02-06	43833.90	42385.20	44468.30	41695.40
2022-02-05	42392.20	41411.90	42614.80	41176.30
2022-02-04	41412.10	41566.50	41899.80	40963.30
2022-02-03	41567.60	37287.80	41689.00	37041.10
2022-02-02	37287.80	36890.20	37304.30	36297.30
2022-02-01	36890.20	38711.20	38853.80	36682.30
2022-01-31	38709.70	38475.60	39230.00	38037.90
2022-01-30	38498.60	37923.80	38701.40	36672.80
2022-01-29	37917.70	38167.50	38313.30	37390.60
2022-01-28	38170.80	37736.50	38663.70	37350.20
2022-01-27	37745.10	37195.60	37995.90	36176.50
2022-01-26	37164.30	36800.10	37215.40	35543.20
2022-01-25	36800.40	36962.30	38862.60	36280.00
2022-01-24	36950.60	36691.30	37501.80	35729.30
2022-01-23	36686.30	36268.60	37424.00	32985.60
2022-01-22	36269.50	35072.90	36513.00	34655.20
2022-01-21	35075.20	36467.70	36749.80	34116.00
2022-01-20	36475.50	40698.10	41104.60	35503.90
2022-01-19	40715.90	41683.60	43487.10	40568.30
2022-01-18	41677.80	42365.30	42558.00	41160.90
2022-01-17	42364.60	42209.90	42674.20	41300.70
2022-01-16	42209.30	43080.50	43179.60	41559.40
2022-01-15	43079.10	43079.20	43462.00	42643.30
2022-01-14	43097.00	43073.60	43777.90	42586.10
2022-01-13	43073.30	42562.20	43435.10	41848.70
2022-01-12	42560.00	43900.00	44404.70	42337.50
2022-01-11	43901.00	42735.00	44243.60	42476.70
2022-01-10	42733.20	41829.10	43090.20	41287.60
2022-01-09	41832.20	41848.90	42243.80	39697.00
2022-01-08	41848.30	41681.20	42764.40	41260.90
2022-01-07	41672.00	41551.30	42304.40	40574.30
2022-01-06	41546.70	43097.90	43127.70	40810.00
2022-01-05	43097.50	43431.60	43772.30	42481.10
2022-01-04	43425.90	45833.10	47019.40	42535.10
2022-01-03	45837.30	46435.70	47505.40	45602.10
2022-01-02	46430.20	47293.90	47556.00	45704.00
2022-01-01	47311.80	47738.70	47944.90	46718.20
2021-12-31	47738.00	46217.50	47917.60	46217.50
2021-12-30	46219.50	47123.30	48553.90	45693.60
2021-12-29	47123.30	46470.70	47901.40	46003.00
2021-12-28	46461.70	47548.40	48121.70	46127.80
2021-12-27	47545.20	50703.40	50703.80	47345.70
2021-12-26	50678.20	50783.60	52016.30	50459.00
2021-12-25	50779.90	50404.00	51247.00	49527.00
2021-12-24	50406.40	50789.60	51140.20	50196.80
2021-12-23	50786.10	50807.40	51795.30	50428.40
2021-12-22	50801.00	48599.60	51355.60	48053.40
2021-12-21	48599.70	48898.70	49540.30	48449.70
2021-12-20	48902.00	46900.10	49306.10	46654.00
2021-12-19	46895.20	46703.40	47488.90	45577.30
2021-12-18	46704.50	46855.70	48270.20	46438.40
2021-12-17	46856.20	46171.80	47330.20	45513.40
2021-12-16	46172.20	47630.40	47997.20	45523.80
2021-12-15	47628.20	48876.60	49387.80	47543.90
2021-12-14	48871.50	48366.20	49477.90	46572.60
2021-12-13	48366.50	46709.80	48635.00	46338.30
2021-12-12	46703.60	50075.90	50196.10	45848.20
2021-12-11	50081.00	49332.50	50779.20	48670.50
2021-12-10	49314.50	47138.40	49487.00	46834.00
2021-12-09	47137.20	47591.70	49974.80	47007.10
2021-12-08	47596.60	50477.60	50790.20	47341.90
2021-12-07	50473.90	50596.60	51204.70	48700.70
2021-12-06	50595.20	50547.40	51918.60	50070.90
2021-12-05	50562.10	49412.10	50913.30	47237.90
2021-12-04	49405.50	49196.40	49689.30	47797.80
2021-12-03	49195.20	53620.70	53847.20	42587.80
2021-12-02	53631.50	56495.20	57543.60	52008.90
2021-12-01	56496.00	57207.80	57377.50	55807.90
2021-11-30	57210.30	56891.70	59064.30	56496.50
2021-11-29	56882.90	57795.20	59174.40	55936.90
2021-11-28	57794.80	57288.10	58855.20	56726.70
2021-11-27	57291.50	54758.00	57392.30	53448.30
2021-11-26	54765.90	53747.20	55280.30	53654.30
2021-11-25	53730.90	58937.30	59151.10	53533.50
2021-11-24	58935.10	57167.10	59387.30	57029.80
2021-11-23	57171.70	57559.40	57697.40	55910.60
2021-11-22	57573.20	56304.80	57855.10	55542.50
2021-11-21	56308.80	58719.70	59288.30	55656.80
2021-11-20	58714.30	59724.00	60002.60	58528.30
2021-11-19	59717.60	58080.80	59854.60	57435.30
2021-11-18	58083.40	56908.30	58335.90	55626.30
2021-11-17	56955.30	60368.20	60936.90	56524.40
2021-11-16	60367.80	60074.20	60814.50	58531.90
2021-11-15	60089.10	63605.10	63605.60	58655.90
2021-11-14	63597.90	65514.90	66311.20	63439.50
2021-11-13	65508.20	64397.20	65508.20	63608.30
2021-11-12	64398.60	64133.30	64906.00	63381.40
2021-11-11	64134.50	64782.60	65449.70	62309.70
2021-11-10	64806.70	64922.80	65583.30	64121.90
2021-11-09	64932.60	66942.60	68990.60	62951.30
2021-11-08	66904.40	67528.70	68493.30	66334.90
2021-11-07	67527.90	63276.40	67763.30	63276.40
2021-11-06	63273.20	61483.80	63273.20	61347.20
2021-11-05	61483.90	60973.20	61543.20	60093.60
2021-11-04	60974.30	61411.50	62560.30	60742.40
2021-11-03	61412.60	62915.40	63077.60	60742.90
2021-11-02	62918.50	63223.50	63508.60	60883.00
2021-11-01	63221.70	60912.20	64256.40	60651.50
2021-10-31	60915.30	61310.10	62430.10	59612.70
2021-10-30	61309.60	61842.20	62393.70	60005.70
2021-10-29	61840.10	62245.00	62338.50	60786.00
2021-10-28	62242.80	60579.90	62952.20	60322.20
2021-10-27	60582.50	58437.20	62251.30	58128.10
2021-10-26	58438.10	60312.50	61452.90	58112.60
2021-10-25	60310.80	63067.50	63275.10	59907.30
2021-10-24	63067.00	60864.30	63694.80	60655.80
2021-10-23	60866.50	61308.20	61469.90	59523.70
2021-10-22	61312.50	60693.20	61728.70	59738.30
2021-10-21	60690.30	62200.80	63699.70	60055.70
2021-10-20	62210.20	66004.60	66616.90	62092.10
2021-10-19	65979.10	64276.90	66967.10	63543.70
2021-10-18	64278.50	62030.20	64454.00	61451.00
2021-10-17	62056.30	61525.80	62623.60	60026.90
2021-10-16	61527.50	60865.50	61651.40	59143.40
2021-10-15	60861.10	61669.20	62329.20	60161.90
2021-10-14	61672.50	57348.20	62892.80	56874.80
2021-10-13	57345.80	57370.40	58506.50	56866.80
2021-10-12	57380.10	56014.50	57697.40	54314.40
2021-10-11	56015.90	57480.60	57635.70	54155.40
2021-10-10	57477.30	54686.90	57814.10	54457.80
2021-10-09	54687.70	54942.50	56432.20	54100.80
2021-10-08	54942.50	53924.10	55430.80	53711.70
2021-10-07	53914.70	53785.50	55977.90	53659.30
2021-10-06	53783.90	55325.20	55325.60	53476.40
2021-10-05	55323.20	51470.00	55676.10	50439.50
2021-10-04	51469.30	49229.50	51872.40	49060.10
2021-10-03	49227.30	48200.40	49481.70	46958.60
2021-10-02	48200.10	47665.40	49165.20	47123.00
2021-10-01	47666.90	48147.20	48306.90	47451.70
2021-09-30	48146.00	43824.40	48435.20	43292.90
2021-09-29	43823.30	41534.50	44101.20	41416.70
2021-09-28	41536.80	41023.10	42571.20	40815.00
2021-09-27	41022.30	42169.90	42758.80	40906.40
2021-09-26	42172.60	43200.90	44293.20	42143.90
2021-09-25	43203.40	42685.80	43907.30	40786.60
2021-09-24	42686.80	42818.70	42959.30	41714.50
2021-09-23	42819.90	44867.40	45112.00	40908.50
2021-09-22	44869.20	43550.70	44949.80	43090.10
2021-09-21	43551.60	40660.80	43976.70	40585.70
2021-09-20	40651.30	43012.30	43619.30	39646.80
2021-09-19	42870.60	47240.80	47323.90	42547.10
2021-09-18	47238.70	48299.90	48341.90	46866.60
2021-09-17	48306.70	47283.90	48761.00	47070.50
2021-09-16	47282.80	47748.20	48155.90	46788.80
2021-09-15	47748.00	48132.30	48480.60	47040.30
2021-09-14	48130.60	47070.80	48436.50	46743.90
2021-09-13	47077.50	44950.20	47247.60	44718.70
2021-09-12	44949.50	46060.80	46807.70	43463.20
2021-09-11	46062.30	45162.60	46386.40	44755.20
2021-09-10	45161.90	44844.90	45975.60	44766.60
2021-09-09	44842.80	46385.90	47021.60	44283.60
2021-09-08	46385.60	46057.60	47305.70	45609.00
2021-09-07	46061.40	46774.10	47316.90	44493.70
2021-09-06	46779.60	52674.20	52885.30	43072.40
2021-09-05	52672.10	51769.40	52726.20	51002.80
2021-09-04	51768.60	49918.70	51878.20	49492.40
2021-09-03	49918.40	49999.30	50534.60	49461.40
2021-09-02	49999.00	49269.50	51008.80	48377.30
2021-09-01	49274.30	48817.80	50355.30	48612.90
2021-08-31	48819.40	47129.20	49121.00	46533.10
2021-08-30	47130.40	46989.10	48217.00	46709.30
2021-08-29	46992.70	48777.10	48886.00	46876.90
2021-08-28	48777.40	48899.70	49621.70	47870.10
2021-08-27	48897.10	49062.80	49289.40	48428.50
2021-08-26	49064.30	46830.20	49142.00	46371.50
2021-08-25	46831.60	48994.40	49347.80	46360.40
2021-08-24	48994.50	47707.40	49230.20	47163.30
2021-08-23	47714.70	49532.50	49847.40	47623.60
2021-08-22	49539.70	49255.40	50498.80	49038.60
2021-08-21	49254.50	48870.40	49480.30	48151.00
2021-08-20	48875.80	49330.00	49719.10	48293.50
2021-08-19	49324.00	46756.70	49343.30	46646.80
2021-08-18	46755.90	44725.90	47012.30	43986.70
2021-08-17	44723.80	44691.10	46004.90	44230.00
2021-08-16	44691.60	45907.50	47140.60	44441.30
2021-08-15	45996.30	46991.60	48002.40	45672.10
2021-08-14	46991.30	47082.60	47344.10	45564.10
2021-08-13	47081.50	47809.60	48090.90	46117.20
2021-08-12	47809.10	44404.00	47836.00	44242.40
2021-08-11	44403.40	45562.30	46213.80	43814.70
2021-08-10	45564.30	45593.20	46736.50	45367.90
2021-08-09	45593.80	46281.80	46663.40	44681.20
2021-08-08	46284.30	43794.90	46460.70	42824.10
2021-08-07	43792.80	44584.90	45284.10	43314.40
2021-08-06	44614.20	42784.70	44697.30	42611.00
2021-08-05	42795.40	40868.40	43253.40	39905.40
2021-08-04	40867.20	39734.40	41366.30	37365.40
2021-08-03	39736.90	38188.40	39956.50	37556.00
2021-08-02	38130.30	39167.40	39766.60	37688.20
2021-08-01	39168.40	39869.80	40449.00	38692.50
2021-07-31	39878.30	41510.00	42565.00	39556.50
2021-07-30	41553.70	42201.40	42285.30	41066.40
2021-07-29	42203.40	40001.10	42264.40	38358.40
2021-07-28	40001.40	40009.00	40630.70	39340.80
2021-07-27	40003.20	39450.40	40862.20	38883.80
2021-07-26	39452.00	37294.30	39455.90	36427.40
2021-07-25	37276.60	35392.30	40522.90	35236.70
2021-07-24	35391.10	34392.50	35391.10	33881.30
2021-07-23	33824.80	33600.50	33955.00	33412.90
2021-07-22	33603.30	32297.90	33605.60	32041.10
2021-07-21	32298.90	32131.70	32585.40	31729.40
2021-07-20	32131.40	29794.70	32794.60	29519.30
2021-07-19	29793.80	30835.40	31040.80	29310.20
2021-07-18	30837.20	31782.90	31887.00	30478.20
2021-07-17	31785.40	31517.90	32408.20	31220.60
2021-07-16	31518.60	31384.40	31914.80	31207.80
2021-07-15	31394.00	31842.30	32239.80	31062.20
2021-07-14	31840.50	32820.50	33157.00	31175.80
2021-07-13	32820.70	32727.80	33051.90	31611.20
2021-07-12	32728.10	33106.10	33307.70	32259.50
2021-07-11	33113.00	34228.30	34598.00	32662.80
2021-07-10	34227.70	33510.80	34580.60	33319.80
2021-07-09	33510.60	33797.70	34221.00	33056.80
2021-07-08	33797.40	32866.30	34079.20	32367.00
2021-07-07	32866.30	33859.40	33923.20	32146.90
2021-07-06	33867.80	34228.70	35036.60	33801.30
2021-07-05	34225.60	33688.50	35062.00	33581.70
2021-07-04	33687.80	35297.00	35300.50	33164.10
2021-07-03	35298.20	34742.80	35957.60	34740.10
2021-07-02	34742.80	33814.20	34909.80	33363.30
2021-07-01	33813.40	33542.20	33925.90	32734.60
2021-06-30	33543.60	35030.70	35032.70	32839.20
2021-06-29	35026.90	35832.60	36089.50	34126.60
2021-06-28	35834.70	34477.30	36590.30	34247.60
2021-06-27	34475.90	34682.20	35231.20	33944.90
2021-06-26	34678.50	32247.10	34685.50	32041.70
2021-06-25	32243.40	31592.10	32643.00	30206.90
2021-06-24	31594.00	34660.50	35490.90	31337.90
2021-06-23	34665.80	33678.10	35249.90	32356.70
2021-06-22	33674.30	32498.30	34784.30	31736.50
2021-06-21	32496.40	31682.70	33272.50	28901.80
2021-06-20	31692.00	35597.90	35708.40	31284.10
2021-06-19	35595.80	35510.90	36097.90	33378.00
2021-06-18	35513.40	35770.00	36357.30	34845.50
2021-06-17	35749.40	38045.50	38166.00	35198.50
2021-06-16	38052.00	38337.80	39529.90	37425.30
2021-06-15	38336.00	40148.10	40494.40	38156.40
2021-06-14	40156.10	40522.50	41318.00	39589.90
2021-06-13	40529.40	39024.10	40970.40	38769.90
2021-06-12	39022.90	35467.50	39321.60	34827.00
2021-06-11	35467.50	37334.40	37437.30	34703.30
2021-06-10	37314.60	36654.30	37641.10	36003.30
2021-06-09	36649.40	37375.20	38340.80	35824.00
2021-06-08	37332.20	33385.50	37517.60	32428.60
2021-06-07	33382.90	33574.60	34047.80	31158.10
2021-06-06	33578.00	35815.40	36754.60	33410.10
2021-06-05	35815.40	35518.70	36434.00	35265.30
2021-06-04	35520.00	36841.20	37887.60	34832.00
2021-06-03	36851.30	39191.40	39255.40	35659.90
2021-06-02	39187.30	37555.70	39462.30	37193.60
2021-06-01	37555.80	36687.70	38199.90	35981.10
2021-05-31	36687.60	37294.30	37850.30	35742.70
2021-05-30	37298.60	35644.00	37480.70	34213.20
2021-05-29	35652.80	34589.30	36388.60	33441.00
2021-05-28	34584.60	35664.50	37227.10	33664.20
2021-05-27	35662.50	38543.20	38844.10	34772.40
2021-05-26	38417.30	39249.00	40322.20	37190.80
2021-05-25	39249.20	38375.70	40750.00	37847.00
2021-05-24	38378.30	38753.60	39740.80	36540.70
2021-05-23	38750.60	34720.30	39851.70	34474.60
2021-05-22	34679.70	37446.80	38248.70	31192.40
2021-05-21	37448.30	37291.00	38776.00	35314.90
2021-05-20	37297.40	40611.20	42108.30	33592.30
2021-05-19	40717.20	36706.80	42425.90	35010.40
2021-05-18	36720.50	42898.30	43516.60	30261.70
2021-05-17	42897.30	43538.50	45770.90	42293.90
2021-05-16	43541.30	46424.20	46545.40	42201.50
2021-05-15	46426.40	46729.30	49764.30	43920.80
2021-05-14	46708.80	49839.10	50640.90	46650.20
2021-05-13	49839.80	49704.90	51459.20	48874.00
2021-05-12	49704.60	49398.20	51337.30	46331.10
2021-05-11	49384.20	56694.50	57938.50	49187.00
2021-05-10	56695.70	55846.10	56871.10	54550.40
2021-05-09	55848.90	58251.20	59523.90	53678.30
2021-05-08	58238.30	58840.60	59227.00	56414.40
2021-05-07	58840.10	57330.30	59471.10	56972.20
2021-05-06	57337.20	56411.40	58639.30	55300.10
2021-05-05	56405.40	57441.00	58364.90	55294.50
2021-05-04	57441.30	53872.50	57936.40	53872.50
2021-05-03	53741.50	57170.60	57201.30	53741.50
2021-05-02	57169.80	56605.80	58925.10	56562.40
2021-05-01	56603.80	57807.20	57868.40	56110.50
2021-04-30	57807.10	57719.10	58449.40	57029.50
2021-04-29	57720.30	53562.30	57925.60	53088.70
2021-04-28	53560.80	54838.60	55173.70	52400.00
2021-04-27	54841.40	55036.00	56419.90	53876.40
2021-04-26	55036.50	54011.10	55427.80	53345.00
2021-04-25	54020.50	48963.50	54320.90	48815.90
2021-04-24	48963.60	50088.20	50532.40	47098.50
2021-04-23	50088.90	51140.80	51183.00	48775.20
2021-04-22	51143.60	51707.10	52099.90	47659.40
2021-04-21	51729.50	53821.30	55408.40	50590.90
2021-04-20	53820.20	56479.50	56764.40	53657.60
2021-04-19	56483.20	55645.10	57054.90	53422.50
2021-04-18	55646.10	56208.10	57517.00	54272.30
2021-04-17	56207.10	60043.20	60362.10	51817.60
2021-04-16	60041.90	61358.30	62509.10	59672.10
2021-04-15	61379.70	63211.60	63518.50	60027.30
2021-04-14	63216.00	62978.60	63729.10	62067.50
2021-04-13	62980.40	63544.20	64778.00	61366.30
2021-04-12	63540.90	59863.60	63659.00	59839.40
2021-04-11	59863.80	59982.10	61259.90	59569.20
2021-04-10	59978.70	59772.40	60667.10	59250.30
2021-04-09	59748.40	58127.40	61229.00	57900.00
2021-04-08	58118.70	58076.80	58890.90	57686.00
2021-04-07	58077.40	55948.00	58136.70	55721.60
2021-04-06	55948.70	57996.30	58627.70	55489.30
2021-04-05	57996.30	59169.00	59487.00	57403.30
2021-04-04	58993.40	58202.30	59205.10	56842.70
2021-04-03	58199.90	57059.70	58464.80	56470.60
2021-04-02	57059.90	58976.80	59770.50	56906.70
2021-04-01	58977.30	58718.20	60134.90	58466.50
2021-03-31	58718.30	58763.20	59406.50	58040.70
2021-03-30	58763.70	58771.40	59795.60	56991.60
2021-03-29	58771.30	57614.60	59366.90	57077.10
2021-03-28	57616.20	55764.70	58392.60	54951.10
2021-03-27	55765.20	55856.90	56504.20	54711.30
2021-03-26	55862.90	55033.80	56531.10	54010.20
2021-03-25	55036.10	51317.40	55074.10	51302.00
2021-03-24	51322.30	52330.00	53175.40	50441.30
2021-03-23	52325.40	54309.10	57169.40	51725.40
2021-03-22	54452.50	54117.50	55813.80	52992.30
2021-03-21	54158.30	57379.30	58379.90	53784.20
2021-03-20	57383.80	58097.40	58583.80	55583.30
2021-03-19	58093.40	58084.10	59882.10	57863.00
2021-03-18	58088.00	57645.00	59448.30	56305.10
2021-03-17	57656.00	58911.80	60088.00	57099.60
2021-03-16	58913.50	56892.90	58933.20	54253.20
2021-03-15	56889.70	55619.50	56889.70	53342.60
2021-03-14	55791.30	59117.40	60565.90	55088.80
2021-03-13	59113.70	61192.70	61673.70	59113.70
2021-03-12	61195.30	57267.40	61795.80	56118.80
2021-03-11	57265.10	57806.20	58052.30	55134.50
2021-03-10	57799.50	55851.20	58135.00	54351.80
2021-03-09	55851.90	54882.70	57328.70	53073.60
2021-03-08	54879.00	52352.40	54880.60	51941.30
2021-03-07	52311.00	50988.90	52384.90	49338.10
2021-03-06	50982.30	48899.00	51434.10	48890.60
2021-03-05	48855.60	48798.70	49191.80	47132.80
2021-03-04	48792.50	48363.60	49429.40	46370.10
2021-03-03	48428.00	50388.00	51757.70	47521.80
2021-03-02	50395.10	48422.20	52567.90	48159.20
2021-03-01	48424.20	49595.60	50191.90	47100.60
2021-02-28	49595.50	45160.50	49774.00	45008.80
2021-02-27	45164.00	46136.00	46582.00	43100.60
2021-02-26	46136.70	46333.10	48335.10	45059.40
2021-02-25	46345.60	46928.50	48413.90	44248.20
2021-02-24	46928.50	49695.90	52013.80	46773.70
2021-02-23	49697.50	48911.10	51311.80	47031.70
2021-02-22	48911.20	54114.10	54115.00	45093.80
2021-02-21	54111.80	57437.60	57480.80	48353.80
2021-02-20	57433.80	55907.60	58335.10	55502.70
2021-02-19	55923.70	55922.00	57523.80	54124.10
2021-02-18	55906.60	51590.10	56238.50	50816.80
2021-02-17	51582.20	52094.50	52524.00	50941.60
2021-02-16	52079.20	49161.30	52577.70	49018.10
2021-02-15	49169.70	47934.20	50515.80	47044.40
2021-02-14	47936.30	48611.10	48936.50	45786.10
2021-02-13	48643.40	47172.10	49695.10	47051.90
2021-02-12	47168.70	47373.10	48097.30	46270.50
2021-02-11	47371.70	47995.00	48927.40	46218.60
2021-02-10	47990.70	44834.80	48622.10	44041.10
2021-02-09	44836.00	46507.80	47295.30	43800.50
2021-02-08	46508.60	46396.40	48143.50	45104.70
2021-02-07	46395.70	38853.60	46596.40	38057.00
2021-02-06	38852.90	39228.90	39691.70	37381.60
2021-02-05	39256.60	38300.60	40939.70	38275.30
2021-02-04	38297.60	36976.40	38303.60	36640.00
2021-02-03	36982.10	37648.90	38707.90	36380.80
2021-02-02	37646.80	35486.90	37646.80	35401.50
2021-02-01	35485.20	33514.00	35976.10	33462.40
2021-01-31	33515.70	33106.80	34685.60	32324.90
2021-01-30	33108.10	34281.60	34348.30	32189.90
2021-01-29	34283.10	34300.00	34920.90	32908.50
2021-01-28	34301.80	33381.70	38546.00	31953.30
2021-01-27	33374.80	30408.90	33790.80	29911.90
2021-01-26	30404.00	32499.60	32545.40	29290.40
2021-01-25	32502.10	32244.10	32917.70	30850.00
2021-01-24	32252.30	32244.30	34854.30	31967.40
2021-01-23	32241.30	32088.50	33034.80	30982.90
2021-01-22	32088.90	32994.10	33441.40	31418.20
2021-01-21	33000.50	30838.70	33821.20	28871.20
2021-01-20	30842.10	35472.30	35591.10	30101.80
2021-01-19	35476.30	35862.10	36384.40	33444.50
2021-01-18	36002.90	36630.60	37821.00	36001.40
2021-01-17	36613.20	35838.20	37436.80	34801.00
2021-01-16	35839.60	36020.10	36801.30	33883.50
2021-01-15	36019.50	36751.80	37931.70	35408.40
2021-01-14	36845.80	39175.70	39715.00	34488.70
2021-01-13	39175.70	37383.40	40054.30	36772.10
2021-01-12	37382.20	34061.20	37764.60	32451.90
2021-01-11	34076.10	35426.00	36598.70	32572.70
2021-01-10	35544.30	38195.30	38217.20	30411.60
2021-01-09	38192.20	40149.70	41362.40	35141.60
2021-01-08	40151.90	40607.20	41363.50	38775.10
2021-01-07	40599.30	39466.40	41921.70	36613.40
2021-01-06	39460.20	36798.50	40340.90	36361.20
2021-01-05	36793.20	33999.30	36934.80	33408.30
2021-01-04	33991.50	32015.40	34414.70	30010.50
2021-01-03	32022.60	33016.60	33587.50	28204.50
2021-01-02	32958.90	32192.90	34755.90	32029.60
2021-01-01	32193.30	29359.70	33233.50	29008.00
2020-12-31	29359.90	28951.70	29627.10	28712.40
2020-12-30	28949.40	28866.80	29298.80	28025.00
2020-12-29	28868.70	27374.50	28979.30	27374.50
2020-12-28	27376.00	27065.30	27390.70	25902.80
2020-12-27	27057.80	26259.20	27444.90	26144.30
2020-12-26	26261.30	26460.30	28360.30	25858.20
2020-12-25	26454.40	24714.70	26826.00	24515.10
2020-12-24	24689.60	23728.70	24778.90	23445.30
2020-12-23	23736.50	23253.20	23783.70	22737.30
2020-12-22	23257.90	23820.80	24063.70	22694.70
2020-12-21	23823.20	22730.40	23825.40	22388.60
2020-12-20	22728.50	23474.10	24101.90	22015.50
2020-12-19	23474.90	23843.60	24280.90	23098.90
2020-12-18	23844.00	23127.60	24107.10	22797.00
2020-12-17	23127.90	22823.30	23272.80	22361.50
2020-12-16	22825.40	21352.30	23738.00	21243.10
2020-12-15	21352.20	19434.70	21525.30	19299.70
2020-12-14	19434.90	19273.90	19556.30	19076.20
2020-12-13	19273.80	19176.40	19346.50	19007.00
2020-12-12	19176.80	18808.10	19403.60	18716.80
2020-12-11	18808.90	18026.70	18936.20	18025.10
2020-12-10	18023.60	18250.50	18288.30	17600.10
2020-12-09	18247.20	18546.10	18551.80	17926.80
2020-12-08	18546.00	18322.40	18637.90	17658.80
2020-12-07	18326.60	19170.80	19288.60	18229.20
2020-12-06	19170.70	19368.40	19424.60	18908.80
2020-12-05	19379.90	19146.00	19417.10	18873.00
2020-12-04	19146.50	18657.50	19172.70	18507.10
2020-12-03	18658.10	19431.10	19529.50	18610.80
2020-12-02	19433.30	19219.80	19596.60	18883.70
2020-12-01	19218.80	18767.90	19335.50	18346.70
2020-11-30	18770.70	19697.80	19897.40	18257.00
2020-11-29	19698.10	18186.00	19831.20	18186.00
2020-11-28	18185.50	17729.70	18336.30	17530.40
2020-11-27	17730.70	17142.60	17874.40	16874.40
2020-11-26	17127.10	17160.90	17450.30	16481.60
2020-11-25	17162.00	18721.90	18894.90	16235.20
2020-11-24	18723.00	19151.50	19486.70	18527.70
2020-11-23	19152.60	18394.60	19416.60	18074.80
2020-11-22	18379.60	18428.10	18756.80	18016.00
2020-11-21	18412.90	18689.30	18751.50	17644.60
2020-11-20	18687.20	18673.80	18966.00	18397.50
2020-11-19	18675.20	17805.50	18811.00	17758.40
2020-11-18	17803.50	17775.10	18166.00	17380.10
2020-11-17	17774.60	17662.30	18466.10	17258.90
2020-11-16	17662.30	16715.80	17845.40	16562.00
2020-11-15	16715.80	15954.10	16880.70	15870.70
2020-11-14	15953.00	16074.70	16158.10	15782.30
2020-11-13	16071.00	16323.10	16328.20	15717.70
2020-11-12	16324.20	16293.00	16474.10	15973.40
2020-11-11	16294.70	15695.80	16342.70	15483.50
2020-11-10	15695.80	15303.10	15953.90	15281.00
2020-11-09	15303.60	15328.00	15465.30	15096.50
2020-11-08	15327.20	15483.30	15819.60	14816.90
2020-11-07	15483.70	14826.60	15648.30	14720.70
2020-11-06	14828.40	15578.20	15754.40	14385.10
2020-11-05	15577.90	15593.90	15955.20	15223.50
2020-11-04	15587.10	14145.60	15739.90	14099.70
2020-11-03	14145.60	14023.00	14238.80	13544.40
2020-11-02	14019.90	13560.50	14054.00	13294.60
2020-11-01	13561.40	13759.70	13828.40	13214.20
2020-10-31	13759.40	13795.50	13889.50	13628.70
2020-10-30	13797.30	13560.20	14065.40	13441.70
2020-10-29	13559.90	13457.00	13667.90	13134.50
2020-10-28	13457.20	13278.30	13640.00	12982.90
2020-10-27	13278.90	13658.30	13851.70	12907.60
2020-10-26	13657.80	13061.50	13782.30	13050.30
2020-10-25	13061.60	13033.00	13229.70	12792.40
2020-10-24	13032.20	13117.00	13345.30	12900.40
2020-10-23	13117.20	12933.60	13161.50	12876.40
2020-10-22	12934.10	12972.70	13025.50	12738.90
2020-10-21	12974.60	12805.50	13183.90	12698.20
2020-10-20	12808.70	11913.60	13213.50	11894.60
2020-10-19	11913.50	11753.90	12029.40	11685.70
2020-10-18	11753.40	11507.10	11823.30	11413.90
2020-10-17	11506.90	11362.10	11506.90	11349.80
2020-10-16	11362.10	11321.80	11402.70	11274.40
2020-10-15	11322.00	11503.20	11542.20	11224.60
2020-10-14	11503.00	11421.40	11590.90	11276.70
2020-10-13	11420.40	11424.40	11541.00	11293.50
2020-10-12	11423.80	11533.50	11558.00	11315.90
2020-10-11	11533.90	11370.80	11715.90	11227.40
2020-10-10	11371.00	11295.60	11439.40	11277.60
2020-10-09	11298.40	11053.50	11475.00	11053.10
2020-10-08	11054.20	10923.50	11103.00	10836.90
2020-10-07	10924.10	10670.70	10948.60	10549.60
2020-10-06	10670.90	10601.00	10680.10	10553.30
2020-10-05	10602.60	10790.20	10800.30	10530.80
2020-10-04	10789.50	10672.50	10789.60	10623.40
2020-10-03	10672.90	10544.40	10693.30	10520.80
2020-10-02	10544.20	10572.20	10597.80	10501.20
2020-10-01	10572.30	10619.60	10662.90	10387.60
2020-09-30	10620.50	10776.60	10913.70	10462.70
2020-09-29	10776.10	10843.40	10847.70	10667.60
2020-09-28	10840.90	10694.30	10858.40	10642.40
2020-09-27	10693.20	10776.40	10946.60	10685.20
2020-09-26	10776.20	10727.90	10799.20	10602.70
2020-09-25	10727.90	10688.90	10793.30	10650.20
2020-09-24	10688.80	10739.90	10756.00	10558.90
2020-09-23	10739.40	10238.10	10787.80	10201.00
2020-09-22	10237.30	10531.50	10535.40	10146.60
2020-09-21	10531.50	10419.40	10570.70	10361.70
2020-09-20	10416.80	10919.90	10987.20	10328.50
2020-09-19	10921.50	11081.60	11081.60	10772.70
2020-09-18	11081.80	10933.00	11177.10	10890.70
2020-09-17	10933.00	10941.30	11029.70	10818.70
2020-09-16	10941.30	10950.10	11039.30	10755.20
2020-09-15	10949.50	10785.20	11093.30	10669.20
2020-09-14	10785.30	10675.20	10931.80	10627.80
2020-09-13	10675.30	10332.70	10744.30	10264.50
2020-09-12	10326.00	10441.70	10579.60	10219.40
2020-09-11	10441.90	10390.20	10476.80	10275.90
2020-09-10	10390.20	10339.80	10398.80	10212.60
2020-09-09	10339.70	10224.30	10480.30	10219.20
2020-09-08	10224.60	10126.80	10343.30	9984.60
2020-09-07	10126.60	10376.90	10434.40	9877.10
2020-09-06	10376.90	10296.40	10400.90	9887.00
2020-09-05	10296.40	10092.20	10337.70	10004.70
2020-09-04	10092.20	10472.30	10558.70	9897.80
2020-09-03	10472.50	10168.70	10614.20	9960.30
2020-09-02	10168.80	11413.20	11442.70	10009.50
2020-09-01	11413.30	11914.40	11947.50	11244.90
2020-08-31	11914.90	11644.20	12045.90	11544.60
2020-08-30	11644.20	11701.10	11760.20	11563.80
2020-08-29	11702.00	11468.10	11704.20	11462.60
2020-08-28	11468.10	11527.80	11576.80	11433.50
2020-08-27	11527.40	11327.50	11539.00	11281.90
2020-08-26	11327.40	11462.30	11580.30	11135.30
2020-08-25	11462.30	11324.90	11533.60	11254.60
2020-08-24	11324.80	11752.90	11766.90	11131.00
2020-08-23	11753.50	11641.60	11824.60	11587.10
2020-08-22	11641.60	11661.10	11705.40	11520.80
2020-08-21	11661.30	11529.20	11677.00	11382.10
2020-08-20	11529.20	11856.90	11877.40	11495.60
2020-08-19	11856.90	11751.00	11881.00	11672.70
2020-08-18	11750.20	11944.40	12013.20	11602.60
2020-08-17	11947.60	12283.00	12381.40	11842.00
2020-08-16	12282.60	11898.80	12444.10	11764.00
2020-08-15	11899.00	11845.50	11922.50	11688.90
2020-08-14	11845.30	11751.10	11964.00	11711.50
2020-08-13	11750.80	11771.10	11835.50	11651.50
2020-08-12	11770.90	11557.20	11772.90	11298.40
2020-08-11	11557.20	11390.40	11605.40	11190.60
2020-08-10	11390.40	11889.20	11931.80	11146.70
2020-08-09	11889.20	11681.10	12041.10	11546.90
2020-08-08	11681.20	11764.40	11792.80	11527.50
2020-08-07	11764.30	11591.60	11805.50	11533.50
2020-08-06	11592.00	11757.10	11901.80	11352.40
2020-08-05	11757.10	11735.00	11898.40	11563.00
2020-08-04	11735.10	11184.80	11771.50	11114.50
2020-08-03	11184.70	11223.80	11407.80	11043.00
2020-08-02	11224.40	11066.90	11461.10	10981.60
2020-08-01	11066.80	11802.60	12061.10	10730.70
2020-07-31	11803.10	11333.20	11847.70	11226.10
2020-07-30	11333.40	11096.50	11434.80	10964.60
2020-07-29	11096.20	11105.80	11164.40	10861.60
2020-07-28	11105.90	10908.40	11336.50	10771.80
2020-07-27	10908.50	10961.10	11046.10	10873.60
2020-07-26	11022.80	9932.70	11367.00	9894.60
2020-07-25	9932.50	9690.00	10086.60	9645.90
2020-07-24	9704.10	9546.70	9729.30	9536.20
2020-07-23	9546.40	9599.20	9626.20	9480.50
2020-07-22	9599.60	9513.60	9646.50	9451.10
2020-07-21	9513.70	9387.40	9523.10	9296.00
2020-07-20	9387.30	9162.30	9426.90	9155.10
2020-07-19	9162.40	9208.10	9218.40	9139.90
2020-07-18	9208.00	9170.10	9224.80	9106.40
2020-07-17	9170.20	9155.80	9198.80	9126.70
2020-07-16	9155.80	9135.40	9181.90	9091.50
2020-07-15	9135.30	9198.70	9224.20	9052.00
2020-07-14	9198.70	9253.60	9270.20	9168.70
2020-07-13	9253.40	9243.10	9274.80	9135.70
2020-07-12	9243.60	9300.50	9329.60	9207.60
2020-07-11	9300.80	9234.20	9337.80	9170.40
2020-07-10	9233.30	9285.80	9295.50	9184.20
2020-07-09	9285.10	9239.00	9309.80	9131.90
2020-07-08	9235.70	9430.10	9434.50	9176.00
2020-07-07	9429.90	9256.30	9458.30	9233.10
2020-07-06	9256.00	9338.80	9371.20	9209.30
2020-07-05	9339.00	9080.40	9363.00	9063.20
2020-07-04	9081.00	9134.30	9149.60	8932.10
2020-07-03	9134.40	9067.10	9182.30	9049.60
2020-07-02	9067.10	9085.00	9120.40	9050.90
2020-07-01	9085.10	9229.90	9259.70	8962.10
2020-06-30	9229.90	9135.90	9289.00	9101.10
2020-06-29	9135.40	9186.00	9199.80	9075.30
2020-06-28	9185.40	9122.80	9229.10	9033.60
2020-06-27	9124.00	9008.40	9185.50	8950.20
2020-06-26	9008.30	9160.50	9190.50	8865.30
2020-06-25	9160.00	9247.50	9296.50	9060.10
2020-06-24	9247.50	9300.80	9327.30	9022.60
2020-06-23	9302.00	9624.60	9667.40	9223.00
2020-06-22	9624.60	9683.90	9715.60	9581.80
2020-06-21	9683.70	9296.50	9751.90	9285.80
2020-06-20	9296.40	9358.80	9411.20	9288.50
2020-06-19	9358.80	9314.00	9394.50	9199.80
2020-06-18	9314.00	9390.30	9424.00	9249.60
2020-06-17	9388.10	9464.60	9480.40	9289.30
2020-06-16	9464.60	9523.60	9543.60	9258.20
2020-06-15	9523.50	9425.60	9577.10	9379.30
2020-06-14	9425.40	9345.50	9489.70	8925.60
2020-06-13	9345.30	9470.70	9474.70	9264.40
2020-06-12	9471.30	9466.50	9484.90	9369.90
2020-06-11	9466.60	9283.70	9547.50	9249.40
2020-06-10	9283.20	9878.90	9945.20	9139.10
2020-06-09	9878.80	9768.80	9970.90	9710.70
2020-06-08	9768.80	9777.70	9857.20	9616.60
2020-06-07	9777.90	9743.40	9788.20	9662.30
2020-06-06	9742.60	9669.60	9791.80	9417.40
2020-06-05	9669.60	9630.80	9733.10	9549.50
2020-06-04	9631.20	9794.00	9846.10	9628.70
2020-06-03	9794.40	9667.20	9864.40	9490.90
2020-06-02	9667.20	9527.00	9667.20	9421.70
2020-06-01	9527.60	10190.70	10207.30	9347.30
2020-05-31	10189.30	9454.50	10301.80	9429.70
2020-05-30	9454.80	9692.90	9695.60	9406.20
2020-05-29	9692.50	9424.80	9729.90	9352.70
2020-05-28	9424.80	9573.40	9596.50	9358.10
2020-05-27	9572.20	9199.80	9610.80	9119.20
2020-05-26	9199.10	8842.30	9210.90	8818.60
2020-05-25	8842.50	8897.70	8994.60	8713.90
2020-05-24	8898.20	8728.00	8959.50	8666.10
2020-05-23	8728.20	9177.90	9292.00	8724.10
2020-05-22	9177.00	9169.80	9303.20	9098.90
2020-05-21	9169.70	9058.20	9253.50	8952.10
2020-05-20	9059.00	9511.60	9567.10	8833.60
2020-05-19	9512.30	9773.00	9829.30	9368.40
2020-05-18	9773.30	9730.80	9883.90	9498.70
2020-05-17	9730.70	9678.40	9930.20	9524.40
2020-05-16	9677.70	9376.60	9866.00	9327.80
2020-05-15	9379.50	9318.10	9579.00	9233.00
2020-05-14	9318.00	9778.60	9819.60	9223.20
2020-05-13	9778.40	9298.70	9887.50	9265.80
2020-05-12	9298.70	8813.90	9384.60	8799.10
2020-05-11	8813.80	8569.80	8964.50	8542.80
2020-05-10	8579.80	8737.60	9129.60	8235.60
2020-05-09	8738.80	9553.90	9569.40	8259.30
2020-05-08	9554.60	9806.00	9910.50	9533.60
2020-05-07	9806.20	9980.10	10018.20	9731.40
2020-05-06	9979.80	9152.70	10033.00	9064.80
2020-05-05	9151.40	9000.60	9373.70	8923.60
2020-05-04	9001.00	8874.20	9078.70	8800.40
2020-05-03	8874.70	8885.50	8945.50	8553.20
2020-05-02	8885.50	8966.20	9169.90	8742.20
2020-05-01	8966.30	8821.60	8986.20	8771.30
2020-04-30	8821.60	8628.60	9040.30	8621.00
2020-04-29	8629.00	8770.60	9437.50	8425.50
2020-04-28	8770.90	7746.70	8918.50	7729.70
2020-04-27	7746.90	7766.00	7770.10	7655.30
2020-04-26	7766.00	7679.40	7768.50	7637.70
2020-04-25	7678.90	7540.40	7679.40	7520.50
2020-04-24	7540.40	7503.90	7684.60	7451.00
2020-04-23	7503.80	7491.30	7583.50	7423.50
2020-04-22	7488.50	7112.80	7655.40	7036.50
2020-04-21	7112.90	6842.50	7137.40	6821.80
2020-04-20	6842.50	6833.40	6919.30	6774.30
2020-04-19	6833.50	7122.90	7207.50	6771.20
2020-04-18	7122.90	7230.90	7238.00	7079.10
2020-04-17	7230.80	7035.90	7259.40	7031.50
2020-04-16	7035.80	7085.50	7142.80	7005.80
2020-04-15	7085.60	6629.10	7159.70	6520.50
2020-04-14	6629.10	6851.30	6929.50	6615.90
2020-04-13	6850.90	6841.80	6970.80	6768.60
2020-04-12	6841.30	6918.10	6920.30	6618.50
2020-04-11	6917.60	6867.90	7158.80	6785.10
2020-04-10	6867.80	6862.70	6931.40	6765.10
2020-04-09	6863.10	7289.00	7294.40	6756.10
2020-04-08	7289.00	7361.10	7361.10	7140.30
2020-04-07	7361.20	7185.60	7396.10	7153.10
2020-04-06	7185.20	7332.30	7440.30	7101.70
2020-04-05	7332.30	6772.80	7335.00	6770.10
2020-04-04	6772.70	6857.50	6889.40	6686.00
2020-04-03	6857.40	6735.90	6958.60	6679.10
2020-04-02	6735.90	6799.90	7026.30	6623.60
2020-04-01	6800.50	6638.80	7182.70	6567.90
2020-03-31	6638.50	6412.40	6661.30	6157.40
2020-03-30	6412.50	6391.10	6513.10	6346.30
2020-03-29	6391.00	5890.40	6576.50	5872.50
2020-03-28	5890.40	6233.20	6258.80	5889.30
2020-03-27	6233.70	6373.40	6374.30	6046.50
2020-03-26	6373.40	6725.50	6813.70	6322.30
2020-03-25	6725.10	6677.90	6772.90	6541.70
2020-03-24	6678.90	6744.80	6930.20	6474.60
2020-03-23	6744.60	6468.80	6814.20	6380.80
2020-03-22	6468.90	5822.00	6564.70	5710.80
2020-03-21	5822.10	6186.90	6394.40	5771.20
2020-03-20	6186.20	6205.60	6438.30	5887.00
2020-03-19	6205.30	6171.60	6858.10	5748.20
2020-03-18	6172.00	5359.20	6379.50	5256.00
2020-03-17	5361.40	5260.70	5373.10	5020.90
2020-03-16	5261.10	5030.20	5432.80	4946.50
2020-03-15	5030.00	5366.40	5369.30	4477.70
2020-03-14	5366.30	5182.90	5863.30	5120.60
2020-03-13	5182.70	5589.40	5634.90	5072.20
2020-03-12	5584.30	4815.20	5934.30	3869.50
2020-03-11	4826.00	7935.20	7963.10	4546.60
2020-03-10	7935.10	7892.10	7976.50	7606.00
2020-03-09	7891.20	7933.00	8145.50	7740.20
2020-03-08	7933.00	8035.80	8158.80	7648.70
2020-03-07	8034.10	8887.80	8888.00	8015.30
2020-03-06	8887.80	9134.20	9180.80	8848.70
2020-03-05	9134.80	9060.60	9165.20	9004.90
2020-03-04	9060.30	8757.90	9147.30	8751.50
2020-03-03	8757.90	8761.30	8840.30	8679.70
2020-03-02	8761.40	8906.10	8911.70	8669.30
2020-03-01	8904.80	8537.50	8961.80	8503.10
2020-02-29	8540.00	8543.80	8737.20	8437.20
2020-02-28	8543.70	8697.10	8793.70	8539.80
2020-02-27	8697.50	8820.10	8898.70	8451.90
2020-02-26	8818.60	8800.10	8968.30	8538.50
2020-02-25	8800.30	9317.10	9368.10	8672.00
2020-02-24	9317.20	9662.60	9672.30	9269.80
2020-02-23	9662.70	9943.20	9981.00	9507.00
2020-02-22	9942.70	9655.60	9965.60	9653.40
2020-02-21	9655.70	9684.50	9706.50	9569.80
2020-02-20	9684.50	9602.20	9747.10	9574.50
2020-02-19	9602.40	9611.90	9681.40	9448.90
2020-02-18	9609.40	10158.60	10230.90	9424.30
2020-02-17	10158.40	9701.50	10230.10	9601.60
2020-02-16	9701.40	9931.70	9951.50	9468.90
2020-02-15	9932.30	9907.40	10056.40	9654.90
2020-02-14	9907.70	10336.00	10369.80	9831.70
2020-02-13	10333.00	10235.50	10372.40	10125.20
2020-02-12	10235.10	10321.90	10482.60	10116.90
2020-02-11	10317.70	10229.30	10435.60	10229.30
2020-02-10	10229.50	9854.00	10314.10	9725.10
2020-02-09	9854.10	10151.50	10181.70	9774.80
2020-02-08	10151.50	9895.40	10157.10	9882.70
2020-02-07	9895.50	9817.30	9931.20	9673.20
2020-02-06	9818.60	9771.90	9872.50	9738.70
2020-02-05	9772.00	9611.80	9854.90	9536.10
2020-02-04	9611.80	9194.10	9726.80	9179.90
2020-02-03	9193.90	9296.50	9347.50	9193.90
2020-02-02	9296.60	9334.60	9582.80	9243.10
2020-02-01	9334.90	9381.50	9465.40	9183.10
2020-01-31	9381.60	9349.30	9458.80	9301.50
2020-01-30	9349.10	9508.30	9525.00	9222.30
2020-01-29	9507.30	9299.10	9569.00	9209.20
2020-01-28	9298.90	9377.30	9428.70	9250.90
2020-01-27	9377.30	8866.60	9389.50	8866.60
2020-01-26	8866.60	8608.10	8983.10	8585.60
2020-01-25	8607.80	8341.60	8607.80	8304.90
2020-01-24	8341.60	8439.90	8447.60	8277.20
2020-01-23	8439.90	8404.90	8522.00	8242.60
2020-01-22	8405.10	8678.50	8687.30	8309.60
2020-01-21	8678.50	8733.00	8805.40	8610.80
2020-01-20	8732.60	8642.00	8770.30	8524.00
2020-01-19	8641.90	8705.70	8740.10	8539.20
2020-01-18	8706.20	8916.30	9183.70	8552.80
2020-01-17	8916.30	8913.00	8982.30	8814.60
2020-01-16	8913.10	8726.70	9005.10	8675.90
2020-01-15	8726.90	8818.10	8850.00	8605.80
2020-01-14	8818.30	8827.90	8904.00	8615.50
2020-01-13	8829.20	8111.20	8898.70	8111.20
2020-01-12	8111.40	8188.30	8196.70	8068.40
2020-01-11	8187.60	8023.30	8189.90	7973.10
2020-01-10	8024.10	8187.80	8262.90	8008.40
2020-01-09	8187.10	7842.50	8187.40	7697.70
2020-01-08	7842.40	8060.00	8065.90	7779.20
2020-01-07	8059.60	8154.20	8436.40	7900.80
2020-01-06	8155.70	7759.10	8182.00	7754.10
2020-01-05	7759.10	7372.60	7783.10	7366.70
2020-01-04	7372.50	7376.80	7501.00	7345.60
2020-01-03	7376.80	7345.10	7433.10	7291.40
2020-01-02	7343.10	6967.10	7402.90	6884.10
2020-01-01	6967.00	7199.70	7209.60	6901.40
2019-12-31	7199.80	7196.40	7259.40	7180.00
2019-12-30	7196.40	7261.50	7331.00	7167.40
2019-12-29	7261.80	7397.50	7420.90	7244.10
2019-12-28	7397.50	7321.60	7518.90	7303.00
2019-12-27	7321.50	7261.90	7375.90	7256.50
2019-12-26	7261.70	7210.80	7293.80	7128.50
2019-12-25	7210.90	7225.00	7414.30	7177.30
2019-12-24	7224.80	7268.30	7542.40	7150.90
2019-12-23	7268.30	7322.40	7433.20	7185.70
2019-12-22	7322.80	7496.20	7684.00	7276.20
2019-12-21	7495.80	7156.30	7501.10	7142.00
2019-12-20	7156.20	7196.40	7197.60	7129.60
2019-12-19	7196.40	7165.50	7218.40	7107.70
2019-12-18	7165.50	7276.40	7354.00	7039.30
2019-12-17	7276.00	6613.50	7387.70	6462.20
2019-12-16	6613.30	6903.50	6943.50	6575.00
2019-12-15	6903.50	7128.50	7153.10	6864.60
2019-12-14	7128.50	7080.80	7175.80	7033.80
2019-12-13	7080.80	7255.20	7267.40	7043.30
2019-12-12	7255.20	7208.40	7288.00	7200.30
2019-12-11	7208.00	7208.00	7272.40	7124.60
2019-12-10	7208.00	7235.80	7284.40	7168.80
2019-12-09	7235.70	7356.20	7400.30	7192.10
2019-12-08	7355.80	7524.80	7626.00	7321.60
2019-12-07	7524.40	7510.80	7576.40	7416.70
2019-12-06	7510.90	7530.40	7595.70	7489.60
2019-12-05	7530.80	7399.20	7552.10	7329.80
2019-12-04	7399.20	7204.60	7476.30	7184.00
2019-12-03	7204.40	7291.90	7702.20	7113.60
2019-12-02	7291.80	7298.10	7389.40	7227.10
2019-12-01	7298.20	7395.90	7433.80	7173.60
2019-11-30	7396.40	7546.50	7546.50	7244.40
2019-11-29	7546.60	7742.70	7787.70	7472.70
2019-11-28	7742.70	7426.60	7825.30	7412.30
2019-11-27	7426.70	7510.60	7639.50	7380.60
2019-11-26	7510.60	7162.80	7636.90	6875.40
2019-11-25	7162.80	7115.50	7329.50	7045.10
2019-11-24	7115.60	6924.70	7352.80	6534.80
2019-11-23	6924.70	7325.00	7344.10	6894.90
2019-11-22	7324.10	7271.60	7342.50	7093.70
2019-11-21	7272.50	7627.90	7700.90	6818.50
2019-11-20	7627.90	8099.40	8129.60	7519.70
2019-11-19	8099.30	8145.70	8223.00	8074.20
2019-11-18	8145.70	8207.70	8245.60	8032.80
2019-11-17	8208.40	8510.30	8516.30	8110.40
2019-11-16	8509.80	8497.40	8631.70	8413.00
2019-11-15	8497.30	8476.20	8532.80	8450.70
2019-11-14	8476.30	8660.80	8761.80	8437.10
2019-11-13	8661.20	8782.90	8799.80	8615.80
2019-11-12	8783.10	8813.20	8829.70	8721.10
2019-11-11	8812.60	8737.40	8841.20	8615.70
2019-11-10	8736.90	9036.90	9066.40	8649.40
2019-11-09	9036.80	8804.70	9092.90	8763.50
2019-11-08	8804.50	8778.10	8877.50	8746.90
2019-11-07	8778.20	9223.60	9254.80	8722.40
2019-11-06	9223.50	9339.20	9367.00	9130.00
2019-11-05	9338.90	9311.20	9424.60	9262.70
2019-11-04	9310.80	9396.10	9452.70	9193.90
2019-11-03	9396.40	9198.70	9500.40	9134.10
2019-11-02	9198.30	9300.50	9359.10	9095.00
2019-11-01	9300.60	9230.30	9356.70	9201.20
2019-10-31	9230.10	9153.10	9270.40	9057.20
2019-10-30	9152.60	9157.90	9378.90	8959.60
2019-10-29	9157.90	9411.30	9411.30	9018.40
2019-10-28	9411.30	9206.50	9531.30	9125.30
2019-10-27	9207.20	9530.10	9866.90	9202.50
2019-10-26	9529.60	9230.60	9773.20	9081.00
2019-10-25	9230.60	8658.40	10540.00	8061.80
2019-10-24	8658.30	7422.80	8697.70	7404.90
2019-10-23	7422.70	7476.80	7501.50	7366.30
2019-10-22	7477.00	8031.00	8055.00	7329.20
2019-10-21	8031.40	8207.40	8289.10	8017.70
2019-10-20	8208.20	8224.10	8315.30	8155.70
2019-10-19	8223.40	7957.40	8288.50	7889.60
2019-10-18	7957.30	7948.30	8060.20	7892.40
2019-10-17	7948.50	8073.30	8116.40	7842.00
2019-10-16	8073.30	8000.40	8118.20	7944.40
2019-10-15	8000.40	8167.10	8185.90	7929.80
2019-10-14	8167.20	8353.40	8400.20	8139.50
2019-10-13	8353.30	8281.30	8374.30	8222.20
2019-10-12	8281.50	8304.30	8450.20	8190.60
2019-10-11	8304.40	8267.60	8394.80	8260.90
2019-10-10	8267.80	8562.20	8751.10	8249.70
2019-10-09	8562.30	8566.80	8638.50	8438.70
2019-10-08	8566.70	8180.10	8655.90	8122.70
2019-10-07	8182.90	8198.50	8323.10	8118.10
2019-10-06	8198.60	7882.60	8293.50	7797.00
2019-10-05	7881.90	8127.30	8145.50	7834.90
2019-10-04	8127.30	8148.00	8185.10	8030.60
2019-10-03	8148.10	8227.60	8233.60	8041.40
2019-10-02	8226.90	8363.60	8391.70	8090.10
2019-10-01	8364.10	8302.70	8374.00	8167.70
2019-09-30	8302.70	8285.00	8486.20	8187.90
2019-09-29	8284.30	8048.90	8318.50	7749.00
2019-09-28	8049.10	8208.00	8226.80	7922.10
2019-09-27	8208.50	8184.50	8297.20	8031.10
2019-09-26	8184.90	8063.80	8257.40	7882.10
2019-09-25	8063.80	8432.50	8463.10	7773.60
2019-09-24	8432.40	8512.30	8729.80	8245.10
2019-09-23	8513.90	9702.70	9793.80	8069.40
2019-09-22	9702.20	10031.30	10048.80	9656.30
2019-09-21	10031.60	9993.00	10075.00	9870.90
2019-09-20	9993.00	10172.80	10177.90	9939.80
2019-09-19	10172.70	10251.50	10279.50	10088.60
2019-09-18	10250.50	10164.60	10297.60	9707.60
2019-09-17	10164.70	10195.70	10257.50	10119.30
2019-09-16	10195.70	10254.60	10273.60	10153.50
2019-09-15	10255.50	10311.30	10360.50	10108.50
2019-09-14	10311.50	10337.30	10360.40	10272.00
2019-09-13	10337.30	10342.20	10421.40	10253.70
2019-09-12	10342.10	10415.20	10441.40	10174.10
2019-09-11	10415.10	10162.40	10447.90	10051.00
2019-09-10	10162.50	10104.90	10257.50	9908.90
2019-09-09	10105.40	10308.70	10379.80	9970.70
2019-09-08	10309.00	10402.10	10478.00	10095.70
2019-09-07	10402.80	10461.60	10578.00	10266.30
2019-09-06	10461.10	10306.90	10556.40	10302.30
2019-09-05	10309.30	10566.70	10896.20	10227.40
2019-09-04	10566.90	10567.80	10630.70	10469.90
2019-09-03	10568.20	10611.60	10783.60	10388.60
2019-09-02	10612.30	10348.10	10756.80	10283.50
2019-09-01	10348.80	9728.80	10431.50	9720.30
2019-08-31	9729.30	9594.70	9799.50	9533.60
2019-08-30	9594.40	9585.50	9677.50	9457.30
2019-08-29	9585.40	9494.10	9675.70	9370.20
2019-08-28	9491.00	9729.10	9729.10	9343.00
2019-08-27	9729.40	10184.70	10271.30	9629.60
2019-08-26	10184.80	10372.20	10387.60	10060.20
2019-08-25	10371.80	10136.00	10568.20	10136.00
2019-08-24	10136.30	10132.10	10307.00	9935.20
2019-08-23	10131.00	10389.40	10415.90	9917.50
2019-08-22	10388.70	10104.90	10434.30	9921.40
2019-08-21	10105.00	10141.10	10218.20	9777.00
2019-08-20	10141.50	10753.30	10797.80	9908.00
2019-08-19	10752.60	10911.20	10941.60	10581.00
2019-08-18	10910.70	10312.80	10923.90	10267.80
2019-08-17	10312.70	10219.30	10494.90	10086.70
2019-08-16	10218.10	10335.50	10460.70	10016.30
2019-08-15	10335.60	10300.90	10734.00	9788.60
2019-08-14	10303.40	10053.30	10448.20	9580.10
2019-08-13	10049.40	10894.20	10894.50	9965.50
2019-08-12	10892.90	11395.00	11445.60	10793.20
2019-08-11	11394.20	11505.10	11508.60	11267.30
2019-08-10	11517.20	11314.60	11728.40	11146.10
2019-08-09	11314.50	12090.50	12185.00	11281.60
2019-08-08	12089.80	12190.00	12225.30	11885.00
2019-08-07	12191.60	12015.90	12236.60	11727.00
2019-08-06	12013.90	11481.00	12114.50	11406.40
2019-08-05	11480.90	11817.60	12291.90	11237.00
2019-08-04	11816.80	10934.80	11922.30	10934.80
2019-08-03	10934.60	10816.10	11017.70	10568.80
2019-08-02	10815.70	10519.90	10893.60	10504.50
2019-08-01	10520.10	10380.50	10664.80	10330.50
2019-07-31	10380.00	10081.90	10459.00	9890.60
2019-07-30	10082.00	9580.30	10100.00	9562.40
2019-07-29	9580.70	9580.00	9703.00	9483.00
2019-07-28	9580.90	9728.50	9835.40	9502.50
2019-07-27	9727.80	9491.10	9798.50	9401.10
2019-07-26	9492.10	9830.40	10232.30	9389.10
2019-07-25	9831.00	9945.20	10436.10	9724.20
2019-07-24	9945.30	9804.70	10203.50	9776.60
2019-07-23	9804.30	9887.20	9945.30	9584.00
2019-07-22	9888.70	10412.80	10414.70	9865.40
2019-07-21	10412.50	10715.10	10806.30	10196.50
2019-07-20	10714.40	10827.00	10883.80	10442.50
2019-07-19	10826.70	10571.90	11155.60	10462.00
2019-07-18	10571.50	10651.60	10758.40	10160.70
2019-07-17	10651.40	9723.10	10787.10	9390.00
2019-07-16	9723.20	9425.10	9983.60	9082.60
2019-07-15	9424.80	10844.00	11019.50	9375.30
2019-07-14	10845.90	10199.90	11064.70	9885.40
2019-07-13	10200.10	11364.30	11448.70	10128.90
2019-07-12	11364.90	11762.80	11798.40	10839.40
2019-07-11	11762.10	11343.70	11881.40	11109.80
2019-07-10	11342.30	12111.60	12111.60	11029.00
2019-07-09	12110.60	12542.80	13134.40	11594.90
2019-07-08	12541.50	12250.60	12772.90	12111.20
2019-07-07	12252.60	11415.80	12332.30	11304.80
2019-07-06	11415.90	11267.90	11524.60	11108.10
2019-07-05	11268.00	10969.80	11650.20	10967.90
2019-07-04	10970.20	11159.70	11381.80	10810.30
2019-07-03	11163.10	11899.30	11948.00	11087.10
2019-07-02	11900.80	10835.90	11931.80	10835.90
2019-07-01	10835.90	10615.50	10923.50	9728.50
2019-06-30	10616.60	10821.40	11254.50	10041.60
2019-06-29	10818.60	11906.00	12179.30	10765.40
2019-06-28	11906.50	12408.00	12422.90	11490.80
2019-06-27	12409.10	11288.40	12461.80	10970.50
2019-06-26	11287.80	13062.40	13422.00	10493.50
2019-06-25	13063.80	11811.60	13929.80	11747.30
2019-06-24	11809.90	11046.60	11833.90	11033.70
2019-06-23	11046.40	10897.30	11114.40	10622.60
2019-06-22	10897.10	10721.50	11361.30	10557.80
2019-06-21	10721.70	10178.10	11160.50	10031.30
2019-06-20	10179.30	9517.70	10184.30	9517.40
2019-06-19	9517.00	9255.00	9583.90	9188.40
2019-06-18	9255.40	9080.70	9295.10	9044.00
2019-06-17	9080.60	9318.90	9336.10	8962.70
2019-06-16	9318.80	8961.00	9438.10	8959.80
2019-06-15	8962.50	8812.20	9332.00	8771.10
2019-06-14	8812.50	8655.80	8856.70	8582.30
2019-06-13	8656.10	8218.60	8685.30	8153.20
2019-06-12	8219.00	8132.40	8306.10	8028.60
2019-06-11	8133.10	7888.00	8198.10	7805.80
2019-06-10	7888.00	7987.80	8010.40	7714.50
2019-06-09	7987.80	7635.00	8012.80	7523.60
2019-06-08	7635.00	7901.60	7937.50	7516.90
2019-06-07	7901.40	7985.30	8044.40	7770.50
2019-06-06	7985.20	7785.80	8099.40	7749.40
2019-06-05	7784.90	7779.60	7861.40	7480.40
2019-06-04	7779.10	7685.60	7885.00	7590.40
2019-06-03	7685.50	8118.10	8118.10	7494.00
2019-06-02	8124.80	8728.60	8734.90	8102.70
2019-06-01	8728.60	8545.80	8807.70	8534.80
2019-05-31	8545.70	8556.90	8615.80	8454.00
2019-05-30	8558.30	8271.40	8578.80	8135.00
2019-05-29	8271.90	8647.80	9045.90	8054.70
2019-05-28	8647.80	8715.60	8747.20	8435.30
2019-05-27	8716.30	8759.40	8794.10	8568.80
2019-05-26	8760.10	8628.90	8902.80	8607.30
2019-05-25	8630.20	8029.60	8718.60	7866.50
2019-05-24	8027.40	7971.40	8090.10	7919.10
2019-05-23	7970.10	7852.80	8124.10	7775.40
2019-05-22	7852.10	7637.20	7939.10	7486.80
2019-05-21	7635.70	7928.70	7999.00	7545.90
2019-05-20	7930.30	7965.00	8056.80	7813.20
2019-05-19	7965.30	8156.40	8156.40	7604.00
2019-05-18	8157.20	7261.90	8253.40	7252.30
2019-05-17	7262.60	7359.90	7458.50	7189.40
2019-05-16	7359.50	7871.90	7924.00	6998.60
2019-05-15	7871.80	8164.80	8293.30	7720.40
2019-05-14	8164.60	7994.80	8225.30	7856.50
2019-05-13	7994.60	7806.40	8323.90	7674.00
2019-05-12	7806.00	6984.70	8058.30	6893.10
2019-05-11	6984.80	7190.00	7518.90	6802.60
2019-05-10	7190.30	6386.60	7373.80	6386.50
2019-05-09	6386.00	6194.30	6466.60	6157.80
2019-05-08	6191.50	5990.50	6206.00	5990.00
2019-05-07	5990.30	5849.40	6011.30	5799.10
2019-05-06	5849.50	5745.50	6019.80	5745.50
2019-05-05	5745.10	5775.10	5801.40	5630.50
2019-05-04	5774.90	5830.80	5838.20	5708.20
2019-05-03	5830.90	5768.00	5899.20	5605.00
2019-05-02	5766.80	5493.60	5844.20	5478.70
2019-05-01	5493.80	5384.60	5530.80	5370.00
2019-04-30	5384.20	5321.10	5396.30	5319.50
2019-04-29	5320.80	5235.40	5336.60	5195.90
2019-04-28	5235.00	5302.40	5322.90	5188.90
2019-04-27	5302.30	5265.70	5332.50	5234.40
2019-04-26	5265.90	5298.20	5318.10	5225.40
2019-04-25	5298.30	5209.20	5469.30	5159.30
2019-04-24	5209.10	5415.60	5528.20	5137.40
2019-04-23	5415.60	5511.20	5589.60	5346.80
2019-04-22	5511.60	5346.50	5594.40	5291.40
2019-04-21	5346.70	5248.20	5370.20	5170.20
2019-04-20	5243.50	5290.20	5308.20	5189.80
2019-04-19	5290.20	5241.00	5327.00	5240.20
2019-04-18	5241.00	5264.80	5282.40	5192.10
2019-04-17	5264.70	5208.30	5293.10	5205.00
2019-04-16	5208.30	5182.10	5230.90	5165.50
2019-04-15	5180.90	5031.40	5198.40	5014.40
2019-04-14	5032.30	5135.10	5168.00	4964.20
2019-04-13	5134.80	5052.00	5153.50	5010.70
2019-04-12	5051.80	5054.20	5093.40	5011.60
2019-04-11	5054.20	5022.70	5080.50	4889.20
2019-04-10	5022.60	5307.70	5337.00	4948.00
2019-04-09	5307.80	5158.40	5404.10	5142.90
2019-04-08	5158.40	5245.00	5245.90	5095.20
2019-04-07	5245.20	5173.50	5300.60	5060.50
2019-04-06	5173.60	5046.10	5219.50	5033.70
2019-04-05	5046.20	5010.00	5198.40	4947.90
2019-04-04	5010.20	4902.50	5029.40	4888.30
2019-04-03	4902.40	4968.70	5042.50	4789.20
2019-04-02	4968.70	4859.30	5278.40	4814.00
2019-04-01	4859.30	4145.10	4899.60	4143.50
2019-03-31	4145.10	4102.30	4159.10	4076.80
2019-03-30	4102.30	4111.80	4121.90	4082.20
2019-03-29	4111.80	4103.70	4138.10	4057.10
2019-03-28	4102.20	4025.70	4123.10	4022.60
2019-03-27	4025.60	4041.70	4041.70	4008.40
2019-03-26	4041.70	3942.80	4043.30	3936.20
2019-03-25	3942.80	3937.10	3950.70	3899.90
2019-03-24	3937.00	3994.80	4000.50	3897.90
2019-03-23	3994.70	4002.60	4005.70	3967.00
2019-03-22	4002.50	3990.40	4018.20	3980.80
2019-03-21	3990.40	3982.20	4005.70	3971.80
2019-03-20	3982.20	4041.20	4064.00	3923.80
2019-03-19	4041.20	4017.00	4050.00	3985.30
2019-03-18	4017.00	3990.20	4029.90	3972.40
2019-03-17	3990.20	3981.50	4032.30	3958.50
2019-03-16	3981.50	4006.40	4009.80	3956.30
2019-03-15	4006.40	3924.40	4050.60	3923.70
2019-03-14	3924.30	3879.00	3935.70	3874.80
2019-03-13	3879.00	3865.10	3914.70	3828.40
2019-03-12	3865.10	3885.90	3894.70	3847.40
2019-03-11	3886.00	3870.30	3900.10	3817.10
2019-03-10	3870.30	3915.20	3935.50	3842.40
2019-03-09	3915.20	3944.40	3944.50	3889.20
2019-03-08	3944.30	3865.60	3964.00	3859.70
2019-03-07	3865.90	3875.10	3929.00	3810.70
2019-03-06	3875.10	3863.10	3907.40	3847.90
2019-03-05	3863.00	3857.20	3887.30	3816.70
2019-03-04	3857.20	3715.90	3873.20	3705.70
2019-03-03	3715.90	3809.70	3828.40	3681.80
2019-03-02	3809.50	3823.20	3836.60	3789.70
2019-03-01	3823.10	3821.90	3843.20	3783.60
2019-02-28	3821.90	3816.70	3855.80	3816.40
2019-02-27	3816.60	3814.60	3883.70	3783.30
2019-02-26	3814.60	3810.30	3836.40	3701.90
2019-02-25	3810.30	3833.50	3845.50	3775.00
2019-02-24	3833.70	3755.70	3870.70	3753.80
2019-02-23	3755.20	4120.50	4194.20	3738.70
2019-02-22	4120.40	3965.20	4152.60	3939.40
2019-02-21	3965.20	3937.40	3983.10	3931.70
2019-02-20	3936.60	3972.00	4011.50	3909.20
2019-02-19	3972.40	3914.30	3983.60	3881.20
2019-02-18	3914.30	3896.40	3993.80	3863.70
2019-02-17	3896.00	3664.20	3903.70	3655.10
2019-02-16	3664.20	3616.80	3689.90	3607.90
2019-02-15	3616.80	3604.70	3641.90	3599.70
2019-02-14	3604.70	3592.60	3648.30	3581.40
2019-02-13	3592.60	3611.50	3624.50	3580.20
2019-02-12	3611.50	3632.00	3663.50	3599.20
2019-02-11	3632.00	3631.80	3656.40	3594.40
2019-02-10	3631.80	3678.80	3681.10	3623.80
2019-02-09	3679.00	3661.00	3680.60	3617.10
2019-02-08	3661.40	3661.60	3675.30	3633.20
2019-02-07	3661.70	3397.30	3721.10	3382.50
2019-02-06	3397.70	3404.90	3421.80	3390.30
2019-02-05	3404.30	3468.50	3478.00	3383.90
2019-02-04	3468.40	3463.00	3485.90	3450.30
2019-02-03	3462.80	3459.00	3479.70	3437.10
2019-02-02	3459.10	3502.30	3507.80	3431.30
2019-02-01	3502.50	3467.90	3514.50	3447.80
2019-01-31	3467.90	3437.70	3485.70	3415.30
2019-01-30	3437.20	3460.00	3484.70	3427.00
2019-01-29	3460.00	3414.60	3479.00	3394.20
2019-01-28	3414.80	3442.80	3450.10	3368.20
2019-01-27	3442.80	3555.80	3561.20	3395.70
2019-01-26	3555.60	3570.90	3583.20	3509.20
2019-01-25	3570.90	3572.00	3652.50	3556.10
2019-01-24	3572.00	3574.30	3582.60	3542.20
2019-01-23	3574.30	3561.40	3587.00	3539.70
2019-01-22	3561.50	3580.10	3608.30	3532.80
2019-01-21	3580.10	3536.90	3607.90	3465.20
2019-01-20	3536.70	3542.70	3561.40	3505.40
2019-01-19	3542.30	3676.20	3699.10	3503.90
2019-01-18	3677.80	3605.80	3715.20	3604.10
2019-01-17	3605.60	3626.30	3627.90	3575.70
2019-01-16	3626.40	3588.10	3636.70	3554.80
2019-01-15	3588.00	3570.60	3644.10	3561.40
2019-01-14	3571.30	3637.50	3660.80	3545.70
2019-01-13	3638.10	3490.40	3672.00	3490.40
2019-01-12	3490.20	3597.30	3617.60	3473.20
2019-01-11	3597.20	3616.60	3633.90	3561.30
2019-01-10	3616.50	3603.30	3655.70	3563.10
2019-01-09	3603.70	3978.90	4007.70	3562.10
2019-01-08	3978.00	3971.00	4014.20	3957.50
2019-01-07	3971.00	3985.80	4070.50	3943.10
2019-01-06	3985.90	4004.30	4028.00	3945.50
2019-01-05	4004.10	3785.70	4034.10	3758.50
2019-01-04	3785.40	3802.80	3846.70	3769.00
2019-01-03	3802.70	3780.50	3823.90	3720.00
2019-01-02	3780.10	3874.10	3875.80	3753.00
2019-01-01	3873.80	3809.70	3894.80	3768.10
2018-12-31	3809.40	3709.50	3814.30	3664.40
2018-12-30	3709.40	3815.10	3819.60	3658.80
2018-12-29	3815.00	3708.20	3837.70	3682.50
2018-12-28	3706.80	3861.60	3899.60	3696.00
2018-12-27	3861.60	3587.10	3900.30	3565.50
2018-12-26	3586.90	3793.40	3822.60	3560.80
2018-12-25	3793.70	3762.80	3841.90	3680.30
2018-12-24	3762.50	4025.60	4030.70	3676.50
2018-12-23	4026.10	3944.50	4208.20	3941.90
2018-12-22	3944.40	3964.30	4037.10	3904.60
2018-12-21	3964.40	3850.90	3977.20	3803.70
2018-12-20	3850.90	4075.20	4153.10	3786.90
2018-12-19	4076.00	3687.20	4140.30	3665.80
2018-12-18	3687.10	3668.10	3924.70	3647.50
2018-12-17	3668.00	3526.00	3683.10	3456.90
2018-12-16	3526.10	3248.30	3597.40	3243.10
2018-12-15	3247.90	3228.60	3305.00	3225.90
2018-12-14	3228.70	3247.80	3282.30	3177.00
2018-12-13	3247.80	3315.40	3336.60	3199.10
2018-12-12	3315.30	3466.20	3474.40	3284.80
2018-12-11	3466.10	3390.20	3510.20	3379.40
2018-12-10	3407.70	3460.40	3485.90	3349.90
2018-12-09	3460.50	3566.90	3622.40	3412.70
2018-12-08	3567.50	3430.30	3677.60	3424.20
2018-12-07	3430.40	3422.30	3507.70	3302.90
2018-12-06	3422.20	3508.90	3626.60	3251.80
2018-12-05	3508.60	3771.40	3887.20	3505.70
2018-12-04	3771.60	3958.10	3974.10	3765.20
2018-12-03	3958.50	3899.90	4082.90	3809.30
2018-12-02	3897.80	4160.30	4177.00	3839.90
2018-12-01	4160.40	4196.20	4316.10	4105.30
2018-11-30	4196.20	4038.70	4299.10	3967.10
2018-11-29	4039.70	4296.80	4340.60	3954.50
2018-11-28	4296.50	4265.50	4440.10	4140.60
2018-11-27	4265.40	3866.40	4391.80	3866.40
2018-11-26	3866.50	3840.30	3920.60	3687.80
2018-11-25	3837.00	4061.00	4179.00	3679.80
2018-11-24	4062.20	3920.30	4198.40	3634.20
2018-11-23	3920.40	4397.30	4494.60	3821.50
2018-11-22	4398.00	4360.90	4455.60	4223.70
2018-11-21	4356.00	4646.40	4695.70	4346.70
2018-11-20	4638.70	4523.00	4743.70	4393.00
2018-11-19	4524.60	4883.60	5013.40	4272.30
2018-11-18	4883.80	5660.40	5662.50	4831.10
2018-11-17	5658.30	5621.00	5727.90	5615.50
2018-11-16	5621.80	5636.20	5645.50	5561.40
2018-11-15	5636.20	5723.50	5747.70	5539.70
2018-11-14	5718.90	5854.00	5878.50	5384.10
2018-11-13	5842.40	6428.90	6453.30	5619.20
2018-11-12	6429.20	6435.00	6466.80	6386.70
2018-11-11	6435.00	6445.00	6475.90	6409.40
2018-11-10	6446.10	6427.10	6451.70	6359.00
2018-11-09	6427.10	6411.90	6461.70	6411.70
2018-11-08	6412.00	6473.80	6496.10	6390.00
2018-11-07	6474.00	6565.30	6577.30	6466.30
2018-11-06	6565.30	6503.10	6594.30	6502.00
2018-11-05	6502.80	6460.40	6509.60	6441.60
2018-11-04	6459.70	6478.20	6489.20	6431.70
2018-11-03	6478.20	6386.20	6508.90	6359.70
2018-11-02	6386.20	6424.50	6429.50	6346.20
2018-11-01	6424.70	6400.50	6444.30	6390.90
2018-10-31	6400.50	6365.90	6421.80	6354.20
2018-10-30	6365.90	6327.90	6405.70	6257.80
2018-10-29	6325.70	6336.70	6469.90	6316.50
2018-10-28	6335.00	6486.10	6498.40	6310.50
2018-10-27	6486.10	6494.60	6502.20	6461.20
2018-10-26	6494.20	6510.00	6534.00	6473.70
2018-10-25	6510.00	6507.00	6570.50	6498.50
2018-10-24	6507.00	6532.50	6544.80	6491.50
2018-10-23	6530.70	6531.20	6593.80	6522.60
2018-10-22	6528.70	6558.60	6573.60	6500.50
2018-10-21	6555.80	6583.00	6612.70	6529.50
2018-10-20	6583.00	6575.90	6643.10	6568.00
2018-10-19	6572.20	6511.70	6593.70	6495.90
2018-10-18	6512.00	6576.40	6603.20	6506.90
2018-10-17	6574.10	6690.10	6736.30	6530.60
2018-10-16	6686.60	6718.90	6745.90	6637.80
2018-10-15	6705.30	6712.40	6836.70	6645.40
2018-10-14	6699.80	6326.80	7358.40	6300.20
2018-10-13	6326.80	6321.60	6390.90	6300.00
2018-10-12	6321.70	6291.30	6329.30	6282.80
2018-10-11	6291.30	6239.20	6344.80	6206.80
2018-10-10	6239.10	6618.00	6622.50	6206.20
2018-10-09	6618.00	6650.60	6653.50	6526.00
2018-10-08	6650.80	6669.60	6678.90	6613.30
2018-10-07	6669.60	6611.00	6699.50	6589.90
2018-10-06	6611.00	6596.30	6633.90	6523.80
2018-10-05	6596.30	6639.10	6661.50	6550.40
2018-10-04	6639.10	6584.20	6682.30	6537.60
2018-10-03	6584.20	6509.20	6653.00	6487.80
2018-10-02	6507.80	6549.90	6563.50	6429.60
2018-10-01	6549.90	6608.20	6645.70	6034.90
2018-09-30	6608.20	6635.20	6674.70	6072.70
2018-09-29	6635.20	6603.90	6673.90	6533.50
2018-09-28	6603.90	6633.90	6648.40	6464.40
2018-09-27	6636.00	6685.70	6809.20	6538.60
2018-09-26	6689.20	6463.70	6738.30	6428.80
2018-09-25	6468.10	6443.00	6551.90	6384.10
2018-09-24	6445.10	6590.60	6590.60	5977.00
2018-09-23	6584.10	6713.30	6728.10	6559.10
2018-09-22	6704.10	6729.60	6789.40	6666.40
2018-09-21	6729.60	6766.70	6833.30	6635.50
2018-09-20	6766.70	6490.90	6780.50	6489.80
2018-09-19	6489.20	6390.40	6537.50	6346.40
2018-09-18	6390.40	6342.00	6478.70	6144.50
2018-09-17	6342.00	6251.90	6388.80	6228.80
2018-09-16	6251.90	6500.20	6533.50	6215.90
2018-09-15	6500.20	6519.00	6520.80	6406.20
2018-09-14	6519.00	6482.60	6562.90	6470.30
2018-09-13	6483.70	6482.90	6579.40	6412.10
2018-09-12	6482.90	6338.00	6867.30	6337.80
2018-09-11	6338.00	6293.90	6353.50	6204.50
2018-09-10	6293.90	6320.70	6391.80	6189.60
2018-09-09	6321.00	6238.50	6358.50	6237.30
2018-09-08	6238.50	6184.30	6432.60	6148.80
2018-09-07	6184.30	6390.90	6484.30	6132.30
2018-09-06	6390.90	6514.10	6540.60	6316.20
2018-09-05	6514.00	6706.80	6732.90	6337.80
2018-09-04	6706.80	7377.50	7407.50	6691.80
2018-09-03	7377.50	7264.20	7409.90	7234.50
2018-09-02	7264.20	7289.80	7330.70	7182.80
2018-09-01	7293.90	7189.60	7334.80	7117.30
2018-08-31	7189.60	7032.40	7264.30	7020.40
2018-08-30	7033.80	6993.70	7080.20	6698.00
2018-08-29	6993.70	7029.20	7050.20	6798.00
2018-08-28	7029.10	7074.60	7121.40	6926.70
2018-08-27	7074.60	6897.60	7129.70	6861.20
2018-08-26	6897.60	6712.70	6902.90	6650.40
2018-08-25	6712.70	6734.90	6892.70	6573.10
2018-08-24	6734.80	6680.60	6783.40	6655.30
2018-08-23	6680.40	6521.20	6721.20	6472.80
2018-08-22	6521.20	6359.90	6550.20	6359.20
2018-08-21	6359.60	6482.20	6840.80	6304.80
2018-08-20	6482.20	6268.10	6484.10	6257.40
2018-08-19	6268.10	6474.20	6516.40	6255.90
2018-08-18	6481.50	6379.10	6534.80	6316.00
2018-08-17	6379.10	6581.80	6626.40	6295.50
2018-08-16	6581.70	6306.70	6581.70	6291.80
2018-08-15	6306.70	6256.90	6470.90	6249.80
2018-08-14	6256.90	6190.20	6592.80	6177.90
2018-08-13	6190.20	6255.30	6255.30	5898.30
2018-08-12	6255.30	6313.00	6524.10	6159.60
2018-08-11	6313.00	6232.10	6453.00	6169.80
2018-08-10	6231.60	6152.80	6469.60	6009.80
2018-08-09	6152.30	6539.50	6570.20	6043.40
2018-08-08	6538.80	6283.70	6620.20	6197.00
2018-08-07	6283.60	6725.20	6725.20	6138.80
2018-08-06	6724.90	6943.60	7149.70	6689.90
2018-08-05	6943.60	7027.80	7143.60	6852.50
2018-08-04	7027.10	7014.00	7087.60	6887.90
2018-08-03	7014.30	7418.90	7484.20	6949.70
2018-08-02	7419.00	7535.60	7535.60	7293.50
2018-08-01	7535.60	7606.40	7701.40	7470.60
2018-07-31	7606.40	7728.50	7753.20	7449.20
2018-07-30	7729.40	8176.40	8176.50	7649.80
2018-07-29	8177.10	8214.70	8262.00	7874.40
2018-07-28	8215.60	8231.50	8275.40	8113.30
2018-07-27	8234.10	8186.80	8234.10	8077.40
2018-07-26	8187.40	7936.90	8273.80	7808.30
2018-07-25	7937.00	8173.90	8304.30	7861.00
2018-07-24	8173.70	8404.90	8484.60	8062.10
2018-07-23	8407.00	7723.10	8479.80	7701.90
2018-07-22	7723.00	7412.40	7809.60	7379.20
2018-07-21	7412.30	7409.00	7575.30	7343.70
2018-07-20	7408.70	7339.30	7460.80	7223.50
2018-07-19	7339.40	7477.60	7683.60	7292.00
2018-07-18	7477.50	7383.90	7558.40	7288.80
2018-07-17	7383.60	7321.60	7581.20	7249.30
2018-07-16	7322.00	6729.80	7453.20	6666.00
2018-07-15	6729.90	6362.80	6749.20	6344.10
2018-07-14	6362.90	6254.80	6399.60	6238.50
2018-07-13	6254.80	6229.50	6313.50	6192.50
2018-07-12	6230.20	6250.80	6333.80	6144.50
2018-07-11	6250.60	6389.10	6389.40	6088.80
2018-07-10	6389.10	6307.20	6409.70	6296.60
2018-07-09	6307.20	6668.40	6686.80	6291.50
2018-07-08	6667.10	6715.10	6793.80	6637.70
2018-07-07	6714.80	6765.40	6784.00	6694.30
2018-07-06	6765.50	6617.70	6805.90	6531.10
2018-07-05	6617.70	6546.50	6638.20	6458.30
2018-07-04	6546.50	6598.00	6693.60	6466.10
2018-07-03	6598.40	6513.80	6774.50	6442.30
2018-07-02	6513.50	6618.60	6676.60	6513.50
2018-07-01	6619.50	6349.10	6680.00	6275.00
2018-06-30	6366.80	6398.50	6445.10	6284.70
2018-06-29	6398.90	6213.40	6498.50	6204.00
2018-06-28	6213.30	5883.20	6284.90	5818.50
2018-06-27	5883.50	6154.90	6178.40	5854.00
2018-06-26	6154.90	6081.10	6187.30	6025.40
2018-06-25	6082.10	6256.90	6267.70	6060.00
2018-06-24	6256.60	6155.10	6331.20	6101.70
2018-06-23	6154.60	6167.90	6248.30	5785.30
2018-06-22	6167.30	6055.20	6259.00	6032.80
2018-06-21	6055.70	6728.20	6739.70	5955.00
2018-06-20	6728.00	6765.80	6797.50	6695.10
2018-06-19	6765.40	6752.30	6812.70	6575.10
2018-06-18	6752.40	6719.80	6839.50	6681.50
2018-06-17	6719.80	6460.50	6794.50	6410.90
2018-06-16	6460.30	6505.80	6593.00	6452.10
2018-06-15	6505.80	6410.00	6564.20	6358.00
2018-06-14	6410.30	6647.30	6655.80	6395.70
2018-06-13	6647.10	6312.30	6711.50	6283.60
2018-06-12	6312.30	6558.50	6624.60	6129.10
2018-06-11	6558.20	6885.90	6887.20	6476.00
2018-06-10	6885.90	6775.20	6910.80	6657.20
2018-06-09	6775.10	7515.80	7516.30	6668.10
2018-06-08	7515.80	7622.10	7689.00	7493.30
2018-06-07	7622.10	7697.90	7710.50	7556.90
2018-06-06	7697.80	7661.00	7754.70	7657.70
2018-06-05	7661.00	7631.50	7699.10	7504.40
2018-06-04	7631.50	7507.40	7672.60	7391.00
2018-06-03	7504.30	7729.30	7759.90	7468.40
2018-06-02	7729.30	7646.60	7775.00	7611.30
2018-06-01	7646.60	7530.80	7694.50	7467.90
2018-05-31	7530.80	7502.50	7610.40	7375.80
2018-05-30	7502.60	7400.80	7611.90	7355.00
2018-05-29	7400.10	7469.20	7565.20	7306.80
2018-05-28	7467.70	7119.30	7533.00	7069.80
2018-05-27	7119.30	7367.30	7446.90	7090.60
2018-05-26	7366.70	7361.90	7411.80	7267.50
2018-05-25	7361.30	7478.50	7619.30	7331.50
2018-05-24	7477.70	7593.90	7653.40	7355.60
2018-05-23	7592.90	7512.30	7736.60	7293.40
2018-05-22	7512.30	8005.70	8047.40	7467.60
2018-05-21	8006.00	8403.80	8414.50	7979.30
2018-05-20	8403.30	8529.50	8550.60	8375.50
2018-05-19	8529.00	8243.90	8580.40	8184.70
2018-05-18	8245.10	8244.70	8389.10	8153.20
2018-05-17	8245.70	8064.40	8273.60	7939.80
2018-05-16	8063.00	8344.60	8458.70	8022.30
2018-05-15	8344.40	8477.00	8496.40	8120.10
2018-05-14	8477.00	8674.00	8842.10	8436.50
2018-05-13	8674.10	8693.40	8878.30	8305.10
2018-05-12	8693.50	8489.10	8758.40	8330.00
2018-05-11	8459.50	8409.60	8646.10	8184.10
2018-05-10	8408.30	9026.00	9028.70	8359.60
2018-05-09	9025.70	9319.20	9393.30	9013.40
2018-05-08	9319.10	9194.90	9377.90	8988.00
2018-05-07	9196.40	9373.90	9404.40	9079.80
2018-05-06	9431.60	9651.10	9675.60	9204.20
2018-05-05	9656.40	9859.60	9957.70	9446.70
2018-05-04	9853.50	9709.50	9992.80	9691.30
2018-05-03	9708.60	9747.60	9800.90	9549.00
2018-05-02	9749.70	9244.20	9809.40	9171.40
2018-05-01	9243.20	9076.80	9265.70	8991.90
2018-04-30	9074.90	9245.10	9245.10	8851.00
2018-04-29	9245.10	9415.80	9456.70	9135.40
2018-04-28	9415.10	9352.20	9565.10	9182.80
2018-04-27	9352.40	8940.80	9428.90	8895.50
2018-04-26	8940.90	9282.80	9386.30	8920.20
2018-04-25	9287.00	8874.50	9303.60	8669.80
2018-04-24	8873.10	9645.00	9753.10	8768.10
2018-04-23	9645.30	8952.70	9734.80	8937.00
2018-04-22	8952.80	8809.30	9001.00	8785.30
2018-04-21	8806.70	8923.60	9022.30	8766.50
2018-04-20	8923.10	8867.00	9027.70	8614.50
2018-04-19	8867.00	8292.30	8926.20	8224.50
2018-04-18	8290.80	8179.00	8303.70	8126.70
2018-04-17	8178.40	7908.50	8227.60	7895.30
2018-04-16	7908.60	8070.00	8171.70	7852.80
2018-04-15	8070.00	8362.20	8412.90	7908.50
2018-04-14	8363.60	8004.60	8411.50	8004.60
2018-04-13	8004.40	7891.10	8180.20	7839.30
2018-04-12	7887.40	7926.90	8228.00	7756.60
2018-04-11	7926.60	6963.30	8009.60	6779.30
2018-04-10	6962.10	6855.60	6988.60	6818.40
2018-04-09	6854.80	6782.60	6899.50	6671.60
2018-04-08	6781.90	7035.70	7192.50	6633.20
2018-04-07	7030.50	6905.90	7113.40	6903.90
2018-04-06	6905.70	6624.50	7071.90	6616.10
2018-04-05	6624.30	6783.70	6859.70	6523.40
2018-04-04	6782.00	6808.70	6918.20	6592.50
2018-04-03	6808.90	7423.80	7432.90	6726.90
2018-04-02	7424.20	7067.20	7519.30	7032.90
2018-04-01	7068.40	6825.40	7121.30	6787.60
2018-03-31	6825.20	6939.10	7047.70	6460.10
2018-03-30	6938.20	6856.50	7221.50	6804.90
2018-03-29	6853.70	7132.40	7288.10	6603.80
2018-03-28	7129.20	7955.20	7980.70	6954.90
2018-03-27	7954.90	7803.00	8110.40	7754.50
2018-03-26	7801.70	8146.50	8218.30	7760.60
2018-03-25	8143.50	8474.00	8515.70	7865.90
2018-03-24	8473.20	8549.10	8679.00	8392.20
2018-03-23	8547.40	8917.30	9008.80	8523.60
2018-03-22	8916.80	8725.30	8917.00	8305.60
2018-03-21	8726.20	8903.70	9096.20	8499.10
2018-03-20	8905.90	8912.40	9173.40	8775.10
2018-03-19	8912.60	8614.10	9039.60	8326.80
2018-03-18	8616.80	8200.90	8698.30	8127.70
2018-03-17	8201.20	7873.20	8283.60	7323.30
2018-03-16	7874.90	8198.00	8344.80	7760.20
2018-03-15	8289.20	8264.30	8604.80	7929.10
2018-03-14	8264.40	8210.20	8427.00	7691.70
2018-03-13	8210.60	9154.90	9353.40	7958.50
2018-03-12	9154.90	9138.70	9482.00	8875.10
2018-03-11	9137.40	9535.80	9892.20	8804.10
2018-03-10	9529.60	8732.20	9719.60	8516.40
2018-03-09	8762.00	9216.20	9500.00	8691.10
2018-03-08	9217.00	9301.90	9420.50	8351.00
2018-03-07	9300.00	9910.70	10109.00	9037.00
2018-03-06	9902.90	10779.00	10899.00	9422.10
2018-03-05	10675.10	11314.20	11316.40	10412.00
2018-03-04	11330.60	11415.70	11506.90	11281.20
2018-03-03	11416.50	11402.80	11490.30	10878.40
2018-03-02	11402.30	10822.50	11420.70	9585.50
2018-03-01	10827.70	10904.50	11167.00	10677.10
2018-02-28	10904.50	10335.10	11047.80	10248.70
2018-02-27	10333.90	10584.40	11070.70	10303.40
2018-02-26	10594.40	10287.80	10867.20	10120.50
2018-02-25	10285.10	9590.90	10378.40	9410.30
2018-02-24	9585.20	9703.10	9860.30	9330.10
2018-02-23	9704.30	10163.80	10506.10	9394.50
2018-02-22	10170.40	9840.60	10419.10	9597.80
2018-02-21	9841.70	10470.10	10930.20	9743.90
2018-02-20	10473.00	11240.90	11289.70	10252.20
2018-02-19	11238.70	11169.70	11791.50	11119.90
2018-02-18	11169.40	10396.60	11250.50	10324.80
2018-02-17	10398.80	11073.70	11271.60	10137.20
2018-02-16	11073.50	10177.30	11095.90	10070.90
2018-02-15	10178.70	10031.30	10294.30	9707.70
2018-02-14	10037.30	9475.60	10206.80	9348.50
2018-02-13	9476.30	8542.60	9500.00	8541.60
2018-02-12	8539.20	8906.20	8942.70	8378.00
2018-02-11	8903.50	8083.60	8984.90	8083.60
2018-02-10	8081.90	8559.70	8564.20	7843.70
2018-02-09	8559.60	8697.30	9066.60	8172.20
2018-02-08	8699.80	8163.60	8735.60	7784.60
2018-02-07	8164.20	7595.10	8489.90	7595.10
2018-02-06	7594.70	7693.80	8536.50	7196.60
2018-02-05	7701.20	6939.30	7896.20	5996.60
2018-02-04	6938.50	8220.80	8383.20	6651.90
2018-02-03	8222.20	9241.50	9382.10	7932.10
2018-02-02	9241.10	8894.40	9506.90	8249.30
2018-02-01	8893.20	9179.80	9201.40	7915.80
2018-01-31	9181.10	10266.20	10303.00	8789.20
2018-01-30	10265.40	10166.30	10397.70	9742.20
2018-01-29	10166.00	11244.50	11277.20	9917.70
2018-01-28	11244.80	11794.90	11888.10	11119.00
2018-01-27	11795.10	11471.20	12112.70	11433.30
2018-01-26	11467.50	11118.00	11621.70	10908.40
2018-01-25	11118.10	11203.10	11655.30	10389.40
2018-01-24	11203.00	11439.90	11740.90	10983.80
2018-01-23	11452.30	10899.40	11549.50	10584.50
2018-01-22	10903.20	10869.00	11438.00	10056.60
2018-01-21	10864.80	11597.50	11970.90	10136.80
2018-01-20	11594.90	12857.10	12860.20	11164.50
2018-01-19	12858.90	11579.20	13082.20	11567.30
2018-01-18	11580.20	11229.60	11973.20	10901.50
2018-01-17	11245.40	11202.00	12004.70	10660.20
2018-01-16	11192.30	11357.70	11769.60	9271.30
2018-01-15	11362.00	13704.40	13711.00	10050.70
2018-01-14	13697.50	13695.50	14396.60	13475.40
2018-01-13	13695.20	14291.90	14446.10	13094.70
2018-01-12	14292.20	13896.00	14640.70	13888.20
2018-01-11	13886.70	13529.20	14176.40	13410.00
2018-01-10	13535.40	15046.70	15109.10	13048.30
2018-01-09	15043.00	14778.50	15045.40	13613.10
2018-01-08	14778.50	14976.20	15324.60	14613.40
2018-01-07	14976.20	16228.30	16302.90	13902.30
2018-01-06	16228.20	17174.50	17184.80	15791.10
2018-01-05	17172.30	16954.80	17252.80	16286.60
2018-01-04	16954.80	15180.10	17126.90	14832.40
2018-01-03	15180.10	15156.50	15408.70	14244.70
2018-01-02	15156.60	14754.10	15435.00	14579.70
2018-01-01	14754.10	13444.90	15306.10	12934.20
2017-12-31	13444.90	13850.50	13921.50	12877.70
2017-12-30	13850.40	12532.40	14241.80	12359.40
2017-12-29	12531.50	14392.10	14461.50	11962.10
2017-12-28	14392.60	14398.50	15109.80	13951.10
2017-12-27	14398.70	15416.30	15505.50	13466.10
2017-12-26	15416.60	15757.00	16514.60	14534.70
2017-12-25	15756.60	13830.20	16094.70	13748.50
2017-12-24	13833.50	13790.00	14467.40	13010.70
2017-12-23	13790.00	14396.60	14413.70	12166.50
2017-12-22	14396.50	13665.00	15493.20	13356.10
2017-12-21	13665.00	15632.10	15823.70	10875.70
2017-12-20	15632.10	16461.10	17301.80	14953.00
2017-12-19	16462.00	17521.70	17813.60	15642.70
2017-12-18	17523.70	18971.20	19022.00	16812.80
2017-12-17	18972.30	19065.70	19221.10	18114.40
2017-12-16	19065.70	19346.60	19870.60	18750.90
2017-12-15	19345.50	17594.10	19587.70	17318.50
2017-12-14	17604.80	16467.90	17987.00	16442.20
2017-12-13	16467.90	16286.80	16941.10	16023.60
2017-12-12	16286.80	17083.90	17268.00	15669.90
2017-12-11	17083.90	16733.30	17560.70	16254.50
2017-12-10	16732.50	15060.50	17399.20	15024.60
2017-12-09	15059.60	14840.00	15783.20	13031.00
2017-12-08	14843.40	16048.20	16313.20	13151.50
2017-12-07	16047.60	16868.00	17294.80	13906.10
2017-12-06	16850.30	13750.10	16879.30	13401.60
2017-12-05	13749.60	11667.10	13843.20	11661.80
2017-12-04	11667.10	11624.40	11901.90	11486.10
2017-12-03	11623.90	11244.20	11624.60	10917.80
2017-12-02	11246.20	10912.70	11851.10	10578.40
2017-12-01	10912.70	10861.50	11175.20	10715.50
2017-11-30	10861.50	9947.10	10942.80	9420.90
2017-11-29	9946.80	9848.00	10689.10	9023.80
2017-11-28	9837.90	9906.00	11417.80	8938.70
2017-11-27	9906.00	9732.60	9969.60	9638.20
2017-11-26	9733.20	9318.40	9733.60	9316.80
2017-11-25	9318.40	8754.60	9474.60	8746.60
2017-11-24	8754.70	8203.50	8762.00	8153.70
2017-11-23	8200.80	8013.40	8332.90	7900.20
2017-11-22	8013.40	8234.50	8266.50	8012.40
2017-11-21	8234.50	8099.90	8304.40	8091.60
2017-11-20	8100.00	8245.90	8368.40	7819.10
2017-11-19	8244.70	8042.60	8294.10	7947.30
2017-11-18	8042.60	7781.00	8100.90	7675.40
2017-11-17	7780.90	7700.00	7857.50	7458.90
2017-11-16	7700.00	7853.70	8000.20	7534.70
2017-11-15	7853.70	7283.00	7964.60	7119.20
2017-11-14	7283.20	6597.10	7330.10	6596.90
2017-11-13	6597.10	6522.50	6728.60	6419.20
2017-11-12	6522.50	5878.10	6760.10	5828.30
2017-11-11	5878.10	6339.90	6490.50	5493.60
2017-11-10	6339.90	6565.80	6821.50	6197.90
2017-11-09	6565.80	7129.60	7319.00	6406.00
2017-11-08	7129.60	7444.40	7457.10	7040.80
2017-11-07	7444.40	7102.20	7869.10	7027.00
2017-11-06	7102.80	6959.30	7222.40	6957.80
2017-11-05	6959.20	7389.50	7429.70	6934.70
2017-11-04	7389.50	7363.80	7599.40	7284.30
2017-11-03	7363.80	7147.00	7492.20	6957.80
2017-11-02	7152.10	7024.80	7445.60	6938.90
2017-11-01	7024.80	6737.80	7339.90	6737.80
2017-10-31	6737.80	6449.10	6738.70	6355.00
2017-10-30	6451.20	6124.30	6467.20	6090.80
2017-10-29	6124.30	6147.70	6226.20	6019.00
2017-10-28	6147.50	5726.60	6295.40	5679.40
2017-10-27	5726.60	5764.60	5871.00	5654.80
2017-10-26	5764.60	5887.60	5997.80	5692.30
2017-10-25	5887.60	5734.00	5970.40	5689.90
2017-10-24	5734.00	5513.10	5748.00	5375.60
2017-10-23	5513.10	5903.60	5904.60	5463.40
2017-10-22	5903.60	5982.90	6049.00	5644.20
2017-10-21	5982.90	6006.60	6070.60	5723.00
2017-10-20	6006.60	5993.10	6187.20	5874.50
2017-10-19	5993.10	5698.60	6075.30	5611.40
2017-10-18	5698.60	5576.70	5737.40	5517.60
2017-10-17	5575.80	5598.60	5601.30	5114.90
2017-10-16	5598.60	5759.30	5773.30	5521.10
2017-10-15	5759.30	5677.40	5795.30	5576.10
2017-10-14	5688.10	5824.70	5862.70	5448.20
2017-10-13	5824.70	5637.30	5839.60	5568.90
2017-10-12	5637.30	5432.60	5852.80	5392.00
2017-10-11	5432.60	4824.20	5432.60	4815.00
2017-10-10	4824.20	4763.40	4874.90	4718.60
2017-10-09	4763.40	4777.50	4930.00	4722.80
2017-10-08	4777.50	4611.70	4875.40	4556.10
2017-10-07	4611.70	4435.80	4622.90	4419.40
2017-10-06	4435.80	4371.90	4472.90	4319.50
2017-10-05	4371.90	4321.40	4422.10	4296.90
2017-10-04	4321.40	4218.70	4365.80	4143.40
2017-10-03	4218.70	4314.20	4355.30	4183.60
2017-10-02	4314.20	4401.30	4436.00	4230.70
2017-10-01	4401.30	4403.10	4477.40	4364.70
2017-09-30	4403.10	4360.60	4412.60	4258.30
2017-09-29	4360.60	4172.80	4383.30	4164.30
2017-09-28	4172.80	4195.60	4237.50	4030.40
2017-09-27	4195.60	4212.20	4274.60	4112.90
2017-09-26	4212.20	3892.70	4232.40	3882.10
2017-09-25	3892.70	3932.80	3982.30	3858.80
2017-09-24	3932.80	3667.50	3971.50	3665.70
2017-09-23	3667.50	3788.00	3790.90	3633.90
2017-09-22	3788.00	3600.80	3813.40	3563.20
2017-09-21	3600.80	3617.30	3753.50	3505.80
2017-09-20	3617.30	3882.20	3912.80	3576.50
2017-09-19	3882.20	3908.00	4053.00	3846.80
2017-09-18	3908.00	4100.30	4120.70	3852.20
2017-09-17	4100.30	3689.60	4122.80	3689.00
2017-09-16	3689.60	3698.90	3796.60	3485.80
2017-09-15	3698.90	3713.80	3893.70	3551.80
2017-09-14	3713.80	3243.10	3824.40	2979.90
2017-09-13	3243.10	3870.30	3930.70	3219.00
2017-09-12	3870.30	4158.90	4174.60	3752.00
2017-09-11	4158.90	4217.90	4387.80	4075.00
2017-09-10	4217.90	4245.90	4364.40	4134.60
2017-09-09	4245.90	4335.10	4338.10	4032.10
2017-09-08	4335.10	4326.50	4402.10	4185.30
2017-09-07	4326.50	4635.60	4699.60	4130.90
2017-09-06	4635.60	4618.70	4690.50	4493.20
2017-09-05	4618.70	4409.10	4660.00	4401.50
2017-09-04	4409.10	4267.50	4496.70	4004.60
2017-09-03	4267.50	4612.90	4621.00	4098.60
2017-09-02	4612.90	4573.80	4719.80	4397.70
2017-09-01	4573.80	4921.90	4976.50	4448.60
2017-08-31	4921.90	4735.10	4925.20	4690.20
2017-08-30	4735.10	4583.00	4765.10	4580.10
2017-08-29	4583.00	4597.30	4644.10	4491.80
2017-08-28	4597.30	4390.30	4647.80	4350.20
2017-08-27	4390.30	4345.80	4403.10	4195.20
2017-08-26	4345.80	4352.30	4408.20	4321.10
2017-08-25	4352.30	4364.40	4379.30	4263.30
2017-08-24	4364.40	4318.40	4461.70	4292.60
2017-08-23	4318.40	4141.10	4364.10	4111.70
2017-08-22	4141.10	4089.70	4255.60	4070.50
2017-08-21	4089.70	4005.10	4142.70	3612.20
2017-08-20	4005.10	4066.60	4097.30	3966.90
2017-08-19	4066.60	4150.50	4182.30	4034.40
2017-08-18	4150.50	4105.40	4189.70	3957.50
2017-08-17	4105.40	4278.90	4362.70	3978.30
2017-08-16	4278.90	4387.40	4487.50	4194.10
2017-08-15	4387.40	4161.70	4398.10	3938.60
2017-08-14	4161.70	4327.90	4436.50	3837.10
2017-08-13	4327.90	4062.60	4336.70	3978.90
2017-08-12	4062.60	3871.60	4189.40	3847.30
2017-08-11	3871.60	3654.40	3967.30	3611.40
2017-08-10	3654.40	3425.70	3706.50	3409.80
2017-08-09	3425.70	3348.80	3453.80	3322.90
2017-08-08	3348.80	3429.40	3437.10	3251.00
2017-08-07	3429.40	3401.90	3494.90	3357.10
2017-08-06	3401.90	3232.00	3425.10	3198.50
2017-08-05	3232.00	3262.80	3295.10	3166.50
2017-08-04	3262.80	2878.50	3344.00	2875.90
2017-08-03	2878.50	2810.00	2892.70	2779.50
2017-08-02	2810.00	2720.50	2822.90	2717.60
2017-08-01	2720.50	2747.00	2773.80	2668.90
2017-07-31	2747.00	2883.30	2946.00	2659.60
2017-07-30	2883.30	2766.50	2916.30	2723.10
2017-07-29	2766.50	2733.50	2773.10	2621.70
2017-07-28	2733.50	2806.80	2812.10	2699.40
2017-07-27	2806.80	2691.90	2843.80	2683.60
2017-07-26	2691.90	2559.20	2712.90	2547.70
2017-07-25	2559.20	2582.60	2631.70	2441.50
2017-07-24	2582.60	2763.40	2779.10	2472.60
2017-07-23	2763.40	2756.60	2798.90	2715.70
2017-07-22	2756.60	2836.50	2856.70	2675.60
2017-07-21	2836.50	2675.10	2876.70	2658.60
2017-07-20	2675.10	2866.00	2874.00	2622.50
2017-07-19	2866.00	2282.60	2932.80	2282.10
2017-07-18	2282.60	2320.20	2412.40	2243.10
2017-07-17	2320.20	2233.40	2400.70	2164.60
2017-07-16	2233.40	1914.10	2233.80	1913.80
2017-07-15	1914.10	1975.10	2044.40	1809.00
2017-07-14	1975.10	2234.20	2237.10	1974.00
2017-07-13	2234.20	2362.40	2370.50	2165.40
2017-07-12	2362.40	2403.10	2436.70	2335.00
2017-07-11	2403.10	2324.30	2424.80	2262.10
2017-07-10	2324.30	2344.00	2412.80	2265.50
2017-07-09	2344.00	2511.40	2530.30	2271.80
2017-07-08	2511.40	2564.90	2576.70	2509.60
2017-07-07	2564.90	2513.90	2568.70	2480.60
2017-07-06	2513.90	2614.20	2617.50	2484.70
2017-07-05	2614.20	2627.90	2634.80	2581.80
2017-07-04	2627.90	2617.30	2642.70	2562.00
2017-07-03	2617.30	2572.50	2658.70	2570.00
2017-07-02	2572.50	2536.50	2617.50	2506.30
2017-07-01	2536.50	2424.60	2555.30	2375.90
2017-06-30	2424.60	2480.60	2529.60	2387.50
2017-06-29	2480.60	2558.40	2576.30	2469.50
2017-06-28	2558.40	2577.70	2605.90	2526.50
2017-06-27	2577.70	2583.80	2616.90	2490.10
2017-06-26	2583.80	2446.10	2585.10	2309.60
2017-06-25	2446.10	2541.60	2584.80	2327.30
2017-06-24	2541.60	2590.10	2660.70	2472.40
2017-06-23	2590.10	2710.40	2741.60	2540.40
2017-06-22	2710.40	2722.80	2759.70	2699.50
2017-06-21	2722.80	2677.60	2757.30	2623.20
2017-06-20	2677.60	2754.40	2804.40	2624.40
2017-06-19	2754.40	2616.80	2800.50	2614.00
2017-06-18	2616.80	2539.60	2617.80	2518.80
2017-06-17	2539.60	2655.10	2676.00	2488.60
2017-06-16	2655.10	2508.60	2690.70	2454.80
2017-06-15	2508.60	2442.50	2536.40	2335.30
2017-06-14	2442.50	2467.30	2521.60	2125.60
2017-06-13	2467.30	2713.00	2803.70	2349.00
2017-06-12	2713.00	2656.80	2784.80	2647.40
2017-06-11	2656.80	2973.40	2985.10	2483.60
2017-06-10	2973.40	2900.30	2977.90	2867.30
2017-06-09	2900.30	2811.40	2914.20	2807.40
2017-06-08	2811.40	2798.80	2852.10	2786.10
2017-06-07	2798.80	2691.50	2808.40	2623.60
2017-06-06	2691.50	2870.50	2880.90	2626.60
2017-06-05	2870.50	2705.00	2931.20	2699.70
2017-06-04	2705.00	2524.10	2705.40	2523.90
2017-06-03	2524.10	2545.40	2559.80	2478.20
2017-06-02	2545.40	2492.60	2582.80	2449.90
2017-06-01	2492.60	2412.60	2494.00	2385.60
2017-05-31	2412.60	2303.30	2460.80	2303.30
2017-05-30	2303.30	2192.60	2330.60	2168.40
2017-05-29	2192.60	2278.20	2329.30	2147.10
2017-05-28	2278.20	2189.00	2337.40	2117.30
2017-05-27	2189.00	2052.40	2300.50	2051.10
2017-05-26	2052.40	2244.90	2322.40	1868.60
2017-05-25	2244.90	2307.00	2616.50	2051.40
2017-05-24	2307.20	2445.30	2781.80	2210.50
2017-05-23	2445.30	2272.60	2497.00	2263.30
2017-05-22	2272.60	2124.40	2286.30	2110.80
2017-05-21	2124.40	2044.20	2264.80	1998.60
2017-05-20	2044.20	2040.20	2094.90	1980.10
2017-05-19	2040.20	1962.00	2048.40	1944.40
2017-05-18	1962.00	1881.00	1969.70	1875.30
2017-05-17	1881.00	1801.30	1980.50	1791.10
2017-05-16	1801.30	1729.30	1842.80	1704.00
2017-05-15	1729.30	1708.90	1752.60	1653.70
2017-05-14	1708.90	1772.60	1776.70	1656.80
2017-05-13	1772.60	1763.70	1802.80	1736.10
2017-05-12	1763.70	1686.40	1770.50	1594.60
2017-05-11	1686.40	1819.30	1822.50	1641.20
2017-05-10	1819.30	1752.30	1864.80	1741.50
2017-05-09	1752.30	1697.50	1766.20	1665.00
2017-05-08	1697.50	1664.50	1757.40	1620.00
2017-05-07	1664.50	1554.40	1667.70	1552.90
2017-05-06	1554.40	1545.30	1572.90	1495.20
2017-05-05	1545.30	1507.80	1560.40	1503.90
2017-05-04	1507.80	1516.80	1588.10	1485.00
2017-05-03	1516.80	1485.60	1609.80	1437.10
2017-05-02	1485.60	1445.90	1496.40	1424.10
2017-05-01	1445.90	1415.80	1471.10	1394.80
	1415.80	1351.90	1448.70	1342.80