Date,TweetCount
16/03/16,1185
17/03/16,1211
18/03/16,1123
19/03/16,943
20/03/16,1304
21/03/16,2233
22/03/16,859
23/03/16,944
24/03/16,1982
25/03/16,927
26/03/16,712
27/03/16,716
28/03/16,1298
29/03/16,1589
30/03/16,1745
31/03/16,988
01/04/16,830
02/04/16,743
03/04/16,846
04/04/16,1000
05/04/16,1067
06/04/16,967
07/04/16,2284
08/04/16,862
09/04/16,759
10/04/16,1073
11/04/16,891
12/04/16,1150
13/04/16,907
14/04/16,978
15/04/16,1139
16/04/16,701
17/04/16,781
18/04/16,1014
19/04/16,962
20/04/16,984
21/04/16,883
22/04/16,924
23/04/16,607
24/04/16,543
25/04/16,923
26/04/16,894
27/04/16,735
28/04/16,935
29/04/16,916
30/04/16,951
01/05/16,773
02/05/16,1114
03/05/16,2628
04/05/16,1261
05/05/16,1181
06/05/16,1085
07/05/16,703
08/05/16,856
09/05/16,1110
10/05/16,970
11/05/16,1078
12/05/16,905
13/05/16,946
14/05/16,764
15/05/16,1009
16/05/16,1588
17/05/16,1346
18/05/16,1636
19/05/16,1929
20/05/16,1638
21/05/16,977
22/05/16,1162
23/05/16,1236
24/05/16,1407
25/05/16,1470
26/05/16,1380
27/05/16,1171
28/05/16,1714
29/05/16,1409
30/05/16,3305
31/05/16,1465
01/06/16,2023
02/06/16,1294
03/06/16,1188
04/06/16,844
05/06/16,1091
06/06/16,1072
07/06/16,1500
08/06/16,1673
09/06/16,1573
10/06/16,1324
11/06/16,1086
12/06/16,1200
13/06/16,1766
14/06/16,2136
15/06/16,1780
16/06/16,2106
17/06/16,6219
18/06/16,4386
19/06/16,3235
20/06/16,2649
21/06/16,2523
22/06/16,2402
23/06/16,1877
24/06/16,1896
25/06/16,1315
26/06/16,1175
27/06/16,1425
28/06/16,1512
29/06/16,1945
30/06/16,1303
01/07/16,1241
02/07/16,1326
03/07/16,1061
04/07/16,933
05/07/16,1128
06/07/16,1020
07/07/16,1186
08/07/16,1122
09/07/16,817
10/07/16,961
11/07/16,1236
12/07/16,1087
13/07/16,934
14/07/16,1023
15/07/16,1280
16/07/16,1102
17/07/16,1330
18/07/16,1377
19/07/16,1904
20/07/16,3555
21/07/16,2207
22/07/16,2045
23/07/16,1362
24/07/16,2808
25/07/16,2338
26/07/16,2943
27/07/16,2343
28/07/16,1948
29/07/16,2028
30/07/16,1618
31/07/16,1574
01/08/16,1862
02/08/16,3703
03/08/16,1734
04/08/16,1466
05/08/16,1850
06/08/16,1036
07/08/16,970
08/08/16,1441
09/08/16,1517
10/08/16,1293
11/08/16,1467
12/08/16,1586
13/08/16,1400
14/08/16,1219
15/08/16,1396
16/08/16,1516
17/08/16,1285
18/08/16,1372
19/08/16,1246
20/08/16,978
21/08/16,938
22/08/16,968
23/08/16,1294
24/08/16,1296
25/08/16,1485
26/08/16,1590
27/08/16,1103
28/08/16,1288
29/08/16,4367
30/08/16,1240
31/08/16,1228
01/09/16,1287
02/09/16,1191
03/09/16,943
04/09/16,884
05/09/16,1012
06/09/16,1872
07/09/16,1645
08/09/16,1492
09/09/16,1618
10/09/16,1882
11/09/16,1272
12/09/16,1291
13/09/16,1453
14/09/16,2093
15/09/16,1963
16/09/16,1498
17/09/16,1691
18/09/16,1310
19/09/16,1818
20/09/16,2688
21/09/16,2490
22/09/16,2824
23/09/16,3588
24/09/16,2011
25/09/16,1739
26/09/16,2414
27/09/16,2841
28/09/16,2583
29/09/16,2935
30/09/16,1915
01/10/16,1485
02/10/16,1556
03/10/16,1836
04/10/16,1996
05/10/16,1738
06/10/16,1940
07/10/16,1830
08/10/16,1573
09/10/16,1403
10/10/16,1398
11/10/16,1669
12/10/16,1481
13/10/16,1713
14/10/16,1833
15/10/16,1615
16/10/16,1224
17/10/16,1483
18/10/16,2008
19/10/16,1892
20/10/16,1537
21/10/16,1251
22/10/16,1205
23/10/16,1050
24/10/16,1345
25/10/16,1437
26/10/16,1657
27/10/16,1561
28/10/16,1652
29/10/16,1608
30/10/16,1420
31/10/16,1636
01/11/16,1685
02/11/16,1686
03/11/16,1929
04/11/16,1621
05/11/16,1455
06/11/16,3091
07/11/16,1377
08/11/16,1496
09/11/16,1656
10/11/16,1548
11/11/16,2105
12/11/16,1525
13/11/16,1948
14/11/16,2687
15/11/16,3038
16/11/16,2341
17/11/16,2645
18/11/16,2802
19/11/16,2282
20/11/16,1957
21/11/16,4974
22/11/16,3026
23/11/16,2440
24/11/16,3073
25/11/16,2533
26/11/16,2231
27/11/16,6856
28/11/16,4254
29/11/16,3263
30/11/16,3429
01/12/16,3644
02/12/16,3164
03/12/16,2247
04/12/16,1852
05/12/16,2076
06/12/16,3178
07/12/16,3804
08/12/16,2433
09/12/16,2236
10/12/16,2034
11/12/16,2187
12/12/16,1959
13/12/16,2874
14/12/16,2608
15/12/16,2306
16/12/16,1920
17/12/16,1919
18/12/16,1898
19/12/16,2955
20/12/16,2904
21/12/16,2514
22/12/16,2557
23/12/16,2213
24/12/16,2168
25/12/16,2092
26/12/16,2460
27/12/16,2280
28/12/16,2142
29/12/16,2424
30/12/16,2272
31/12/16,2161
01/01/17,1791
02/01/17,1751
03/01/17,2639
04/01/17,3452
05/01/17,2896
06/01/17,2283
07/01/17,1653
08/01/17,1734
09/01/17,1968
10/01/17,1847
11/01/17,1661
12/01/17,1611
13/01/17,1739
14/01/17,1446
15/01/17,1820
16/01/17,1817
17/01/17,1821
18/01/17,2604
19/01/17,1887
20/01/17,1648
21/01/17,1416
22/01/17,1596
23/01/17,1924
24/01/17,1831
25/01/17,1851
26/01/17,1771
27/01/17,1834
28/01/17,1470
29/01/17,1466
30/01/17,1479
31/01/17,1472
01/02/17,1673
02/02/17,3207
03/02/17,2049
04/02/17,1494
05/02/17,1482
06/02/17,1659
07/02/17,1910
08/02/17,1987
09/02/17,1837
10/02/17,2241
11/02/17,1893
12/02/17,1637
13/02/17,1735
14/02/17,2320
15/02/17,3673
16/02/17,18078
17/02/17,4287
18/02/17,3759
19/02/17,2984
20/02/17,3469
21/02/17,3470
22/02/17,2934
23/02/17,2862
24/02/17,3159
25/02/17,2565
26/02/17,2853
27/02/17,3660
28/02/17,4700
01/03/17,3865
02/03/17,3593
03/03/17,2841
04/03/17,4207
05/03/17,2265
06/03/17,3238
07/03/17,2307
08/03/17,2416
09/03/17,2981
10/03/17,4173
11/03/17,3670
12/03/17,4090
13/03/17,5321
14/03/17,4659
15/03/17,4888
16/03/17,5545
17/03/17,4902
18/03/17,5211
19/03/17,3449
20/03/17,5631
21/03/17,5091
22/03/17,2852
23/03/17,3089
24/03/17,3773
25/03/17,3030
26/03/17,2745
27/03/17,3655
28/03/17,6384
29/03/17,5187
30/03/17,5085
31/03/17,3084
01/04/17,3314
02/04/17,3232
03/04/17,3608
04/04/17,4682
05/04/17,4248
06/04/17,4721
07/04/17,4161
08/04/17,4486
09/04/17,4161
10/04/17,4599
11/04/17,4450
12/04/17,5287
13/04/17,5045
14/04/17,4085
15/04/17,3791
16/04/17,3516
17/04/17,5209
18/04/17,4328
19/04/17,3578
20/04/17,4579
21/04/17,5261
22/04/17,3425
23/04/17,4878
24/04/17,5366
25/04/17,5161
26/04/17,5897
27/04/17,7181
28/04/17,6870
29/04/17,4984
30/04/17,5280
01/05/17,6340
02/05/17,6970
03/05/17,6506
04/05/17,6535
05/05/17,6735
06/05/17,4174
07/05/17,5567
08/05/17,5368
09/05/17,5336
10/05/17,5235
11/05/17,4587
12/05/17,5607
13/05/17,5044
14/05/17,3910
15/05/17,3769
16/05/17,4129
17/05/17,4000
18/05/17,4757
19/05/17,4492
20/05/17,5206
21/05/17,6573
22/05/17,8620
23/05/17,7248
24/05/17,6984
25/05/17,10863
26/05/17,8902
27/05/17,8319
28/05/17,7542
29/05/17,7110
30/05/17,7591
31/05/17,8564
01/06/17,14322
02/06/17,11204
03/06/17,6962
04/06/17,14085
05/06/17,9714
06/06/17,9192
07/06/17,9017
08/06/17,9147
09/06/17,10141
10/06/17,10560
11/06/17,10853
12/06/17,14709
13/06/17,20977
14/06/17,13279
15/06/17,13598
16/06/17,14424
17/06/17,13221
18/06/17,12296
19/06/17,12833
20/06/17,14042
21/06/17,13789
22/06/17,12631
23/06/17,14903
24/06/17,null
25/06/17,null
26/06/17,null
27/06/17,null
28/06/17,null
29/06/17,null
30/06/17,null
01/07/17,null
02/07/17,null
03/07/17,null
04/07/17,null
05/07/17,null
06/07/17,null
07/07/17,null
08/07/17,null
09/07/17,null
10/07/17,null
11/07/17,null
12/07/17,16775
13/07/17,15409
14/07/17,15372
15/07/17,14878
16/07/17,11940
17/07/17,17557
18/07/17,17924
19/07/17,19618
20/07/17,16516
21/07/17,15196
22/07/17,15260
23/07/17,15441
24/07/17,16151
25/07/17,16428
26/07/17,17958
27/07/17,15510
28/07/17,16163
29/07/17,17486
30/07/17,13824
31/07/17,20653
01/08/17,18520
02/08/17,16533
03/08/17,15957
04/08/17,15293
05/08/17,14741
06/08/17,14575
07/08/17,16000
08/08/17,17226
09/08/17,15975
10/08/17,14397
11/08/17,14491
12/08/17,16170
13/08/17,17483
14/08/17,20849
15/08/17,19526
16/08/17,20372
17/08/17,23809
18/08/17,19178
19/08/17,17123
20/08/17,20442
21/08/17,19256
22/08/17,25436
23/08/17,19335
24/08/17,18117
25/08/17,22563
26/08/17,19902
27/08/17,19658
28/08/17,19258
29/08/17,20341
30/08/17,19004
31/08/17,18299
01/09/17,16469
02/09/17,14470
03/09/17,16968
04/09/17,22034
05/09/17,22933
06/09/17,20095
07/09/17,17425
08/09/17,17831
09/09/17,15866
10/09/17,18503
11/09/17,18312
12/09/17,17549
13/09/17,19233
14/09/17,25674
15/09/17,22983
16/09/17,19503
17/09/17,19258
18/09/17,21316
19/09/17,21384
20/09/17,19832
21/09/17,22931
22/09/17,21675
23/09/17,18618
24/09/17,21095
25/09/17,23143
26/09/17,22899
27/09/17,23949
28/09/17,23235
29/09/17,32569
30/09/17,21553
01/10/17,24371
02/10/17,28804
03/10/17,26739
04/10/17,35959
05/10/17,25156
06/10/17,29486
07/10/17,40978
08/10/17,31087
09/10/17,25922
10/10/17,27867
11/10/17,23109
12/10/17,23367
13/10/17,26792
14/10/17,26862
15/10/17,51682
16/10/17,29405
17/10/17,34301
18/10/17,23900
19/10/17,27325
20/10/17,26704
21/10/17,23877
22/10/17,20998
23/10/17,26917
24/10/17,22407
25/10/17,22034
26/10/17,20603
27/10/17,22838
28/10/17,19606
29/10/17,20377
30/10/17,21067
31/10/17,22211
01/11/17,21056
02/11/17,22040
03/11/17,20749
04/11/17,23653
05/11/17,15005
06/11/17,16980
07/11/17,24220
08/11/17,21261
09/11/17,19111
10/11/17,23367
11/11/17,18178
12/11/17,16072
13/11/17,16532
14/11/17,18786
15/11/17,21696
16/11/17,22397
17/11/17,21023
18/11/17,20267
19/11/17,18336
20/11/17,20334
21/11/17,18427
22/11/17,21660
23/11/17,21303
24/11/17,23168
25/11/17,23803
26/11/17,19878
27/11/17,22763
28/11/17,20690
29/11/17,22704
30/11/17,17621
01/12/17,20472
02/12/17,17078
03/12/17,17539
04/12/17,20182
05/12/17,26773
06/12/17,20795
07/12/17,17795
08/12/17,15642
09/12/17,15991
10/12/17,16779
11/12/17,18670
12/12/17,19909
13/12/17,21133
14/12/17,17654
15/12/17,17991
16/12/17,12351
17/12/17,12168
18/12/17,15597
19/12/17,15015
20/12/17,13441
21/12/17,15059
22/12/17,16329
23/12/17,15641
24/12/17,13232
25/12/17,15591
26/12/17,17175
27/12/17,15709
28/12/17,16859
29/12/17,17809
30/12/17,17340
31/12/17,16417
01/01/18,15766
02/01/18,20026
03/01/18,18783
04/01/18,21032
05/01/18,19525
06/01/18,19427
07/01/18,20428
08/01/18,8041
09/01/18,24192
10/01/18,25715
11/01/18,22029
12/01/18,20352
13/01/18,19098
14/01/18,20603
15/01/18,24552
16/01/18,24678
17/01/18,23671
18/01/18,20980
19/01/18,14776
20/01/18,20334
21/01/18,25700
22/01/18,31778
23/01/18,23289
24/01/18,24026
25/01/18,19995
26/01/18,18376
27/01/18,16311
28/01/18,19854
29/01/18,27029
30/01/18,25156
31/01/18,24375
01/02/18,27648
02/02/18,27240
03/02/18,23291
04/02/18,20690
05/02/18,19944
06/02/18,25671
07/02/18,27259
08/02/18,36694
09/02/18,30593
10/02/18,28917
11/02/18,32759
12/02/18,33918
13/02/18,22321
14/02/18,22594
15/02/18,23780
16/02/18,28104
17/02/18,25693
18/02/18,20198
19/02/18,20588
20/02/18,20527
21/02/18,19990
22/02/18,18182
23/02/18,19705
24/02/18,16638
25/02/18,17403
26/02/18,18244
27/02/18,19739
28/02/18,21019
01/03/18,18033
02/03/18,19374
03/03/18,null
04/03/18,null
05/03/18,null
06/03/18,null
07/03/18,null
08/03/18,null
09/03/18,null
10/03/18,null
11/03/18,null
12/03/18,null
13/03/18,null
14/03/18,null
15/03/18,null
16/03/18,null
17/03/18,null
18/03/18,null
19/03/18,null
20/03/18,null
21/03/18,null
22/03/18,null
23/03/18,null
24/03/18,null
25/03/18,null
26/03/18,null
27/03/18,null
28/03/18,null
29/03/18,null
30/03/18,null
31/03/18,null
01/04/18,null
02/04/18,null
03/04/18,null
04/04/18,null
05/04/18,null
06/04/18,null
07/04/18,25319
08/04/18,21190
09/04/18,25309
10/04/18,25856
11/04/18,25379
12/04/18,24696
13/04/18,22292
14/04/18,17926
15/04/18,17958
16/04/18,22923
17/04/18,22251
18/04/18,20823
19/04/18,21853
20/04/18,22322
21/04/18,26416
22/04/18,24244
23/04/18,32778
24/04/18,39034
25/04/18,32277
26/04/18,28012
27/04/18,23927
28/04/18,20707
29/04/18,22899
30/04/18,21235
01/05/18,22345
02/05/18,22845
03/05/18,21888
04/05/18,21845
05/05/18,26531
06/05/18,21560
07/05/18,20120
08/05/18,18752
09/05/18,17990
10/05/18,18843
11/05/18,19660
12/05/18,17229
13/05/18,17133
14/05/18,19389
15/05/18,21123
16/05/18,19781
17/05/18,20770
18/05/18,20202
19/05/18,17247
20/05/18,18448
21/05/18,19802
22/05/18,18017
23/05/18,19611
24/05/18,17732
25/05/18,18032
26/05/18,15775
27/05/18,17270
28/05/18,17979
29/05/18,19227
30/05/18,19800
31/05/18,18928
01/06/18,18471
02/06/18,16847
03/06/18,16966
04/06/18,18883
05/06/18,20020
06/06/18,19892
07/06/18,19638
08/06/18,20170
09/06/18,17827
10/06/18,16908
11/06/18,19136
12/06/18,21896
13/06/18,20671
14/06/18,21647
15/06/18,24881
16/06/18,19807
17/06/18,17825
18/06/18,21717
19/06/18,21319
20/06/18,19476
21/06/18,17273
22/06/18,17600
23/06/18,14447
24/06/18,13835
25/06/18,16615
26/06/18,17436
27/06/18,17438
28/06/18,16486
29/06/18,15426
30/06/18,13673
01/07/18,12296
02/07/18,13269
03/07/18,15575
04/07/18,16054
05/07/18,14007
06/07/18,15834
07/07/18,14029
08/07/18,12901
09/07/18,14276
10/07/18,16919
11/07/18,15593
12/07/18,13922
13/07/18,12627
14/07/18,10603
15/07/18,13146
16/07/18,12769
17/07/18,14974
18/07/18,13865
19/07/18,13918
20/07/18,14646
21/07/18,12959
22/07/18,11419
23/07/18,12976
24/07/18,14679
25/07/18,14514
26/07/18,14076
27/07/18,11581
28/07/18,9653
29/07/18,9679
30/07/18,12101
31/07/18,13385
01/08/18,12869
02/08/18,11583
03/08/18,12600
04/08/18,10888
05/08/18,10429
06/08/18,11947
07/08/18,12577
08/08/18,11572
09/08/18,11100
10/08/18,10534
11/08/18,9562
12/08/18,8468
13/08/18,10911
14/08/18,11625
15/08/18,11032
16/08/18,10612
17/08/18,10852
18/08/18,9317
19/08/18,8761
20/08/18,10237
21/08/18,10286
22/08/18,9174
23/08/18,9521
24/08/18,10679
25/08/18,10429
26/08/18,9649
27/08/18,11115
28/08/18,12131
29/08/18,13346
30/08/18,14935
31/08/18,15383
01/09/18,10518
02/09/18,11483
03/09/18,13320
04/09/18,13959
05/09/18,13310
06/09/18,12656
07/09/18,11959
08/09/18,11787
09/09/18,13013
10/09/18,14458
11/09/18,13455
12/09/18,12563
13/09/18,13371
14/09/18,12846
15/09/18,10321
16/09/18,10279
17/09/18,11921
18/09/18,13557
19/09/18,12245
20/09/18,11252
21/09/18,11849
22/09/18,10075
23/09/18,9221
24/09/18,11121
25/09/18,10803
26/09/18,12399
27/09/18,12058
28/09/18,10250
29/09/18,10778
30/09/18,9840
01/10/18,11229
02/10/18,12271
03/10/18,12321
04/10/18,12111
05/10/18,14693
06/10/18,10697
07/10/18,8532
08/10/18,10710
09/10/18,10318
10/10/18,10689
11/10/18,11221
12/10/18,10146
13/10/18,8838
14/10/18,8516
15/10/18,14303
16/10/18,14178
17/10/18,10744
18/10/18,12042
19/10/18,9661
20/10/18,8751
21/10/18,7883
22/10/18,9928
23/10/18,11280
24/10/18,12042
25/10/18,10803
26/10/18,9886
27/10/18,8654
28/10/18,8425
29/10/18,10624
30/10/18,8707
31/10/18,8468
01/11/18,7678
02/11/18,7999
03/11/18,6256
04/11/18,7597
05/11/18,7488
06/11/18,7415
07/11/18,7949
08/11/18,8729
09/11/18,8879
10/11/18,8780
11/11/18,7069
12/11/18,10383
13/11/18,7892
14/11/18,9446
15/11/18,7922
16/11/18,6018
17/11/18,5891
18/11/18,4941
19/11/18,6800
20/11/18,6639
21/11/18,6214
22/11/18,5709
23/11/18,5971
24/11/18,5387
25/11/18,5090
26/11/18,6607
27/11/18,6232
28/11/18,6651
29/11/18,6296
30/11/18,5172
01/12/18,5182
02/12/18,4054
03/12/18,5647
04/12/18,5846
05/12/18,6799
06/12/18,null
07/12/18,7960
08/12/18,6119
09/12/18,5542
10/12/18,5193
11/12/18,5051
12/12/18,5114
13/12/18,5936
14/12/18,5193
15/12/18,4054
16/12/18,4175
17/12/18,5563
18/12/18,5622
19/12/18,6555
20/12/18,7404
21/12/18,6817
22/12/18,5356
23/12/18,5561
24/12/18,5624
25/12/18,5484
26/12/18,5472
27/12/18,6689
28/12/18,5983
29/12/18,6636
30/12/18,5866
31/12/18,4953
01/01/19,4259
02/01/19,5770
03/01/19,5651
04/01/19,5716
05/01/19,5306
06/01/19,4943
07/01/19,6101
08/01/19,6291
09/01/19,5529
10/01/19,6232
11/01/19,5170
12/01/19,4277
13/01/19,4805
14/01/19,6104
15/01/19,6858
16/01/19,6989
17/01/19,5989
18/01/19,5142
19/01/19,5088
20/01/19,4623
21/01/19,4532
22/01/19,4875
23/01/19,5182
24/01/19,5977
25/01/19,5519
26/01/19,5476
27/01/19,4601
28/01/19,7092
29/01/19,6104
30/01/19,6534
31/01/19,6358
01/02/19,4182
02/02/19,4623
03/02/19,5250
04/02/19,5596
05/02/19,4877
06/02/19,4763
07/02/19,4724
08/02/19,4644
09/02/19,4551
10/02/19,3650
11/02/19,4699
12/02/19,4456
13/02/19,4972
14/02/19,4997
15/02/19,4579
16/02/19,4190
17/02/19,4412
18/02/19,6086
19/02/19,5261
20/02/19,4891
21/02/19,4536
22/02/19,4460
23/02/19,4337
24/02/19,4832
25/02/19,4930
26/02/19,5000
27/02/19,4974
28/02/19,5382
01/03/19,5025
02/03/19,4409
03/03/19,4186
04/03/19,4843
05/03/19,5141
06/03/19,4923
07/03/19,4484
08/03/19,4431
09/03/19,3751
10/03/19,3626
11/03/19,4751
12/03/19,5027
13/03/19,4509
14/03/19,4392
15/03/19,3875
16/03/19,3520
17/03/19,3346
18/03/19,4349
19/03/19,3994
20/03/19,4495
21/03/19,3953
22/03/19,3844
23/03/19,3887
24/03/19,4063
25/03/19,4249
26/03/19,4494
27/03/19,5019
28/03/19,5239
29/03/19,4597
30/03/19,4592
31/03/19,4025
01/04/19,4524
02/04/19,5067
03/04/19,5145
04/04/19,4443
05/04/19,4036
06/04/19,4592
07/04/19,5369
08/04/19,5941
09/04/19,4382
10/04/19,4450
11/04/19,4765
12/04/19,4508
13/04/19,4030
14/04/19,4302
15/04/19,4433
16/04/19,4830
17/04/19,5906
18/04/19,5855
19/04/19,5033
20/04/19,4939
21/04/19,5636
22/04/19,5821
23/04/19,6310
24/04/19,6588
25/04/19,5783
26/04/19,4559
27/04/19,4344
28/04/19,4347
29/04/19,4426
30/04/19,5642
01/05/19,4946
02/05/19,4366
03/05/19,4840
04/05/19,4598
05/05/19,3989
06/05/19,4825
07/05/19,5495
08/05/19,4816
09/05/19,3830
10/05/19,4272
11/05/19,5644
12/05/19,4824
13/05/19,5181
14/05/19,6042
15/05/19,6138
16/05/19,6416
17/05/19,5501
18/05/19,4450
19/05/19,4568
20/05/19,5212
21/05/19,5154
22/05/19,4842
23/05/19,4888
24/05/19,7457
25/05/19,7118
26/05/19,6179
27/05/19,6215
28/05/19,6006
29/05/19,5514
30/05/19,6116
31/05/19,5013
01/06/19,4189
02/06/19,3724
03/06/19,5160
04/06/19,5116
05/06/19,4563
06/06/19,4234
07/06/19,3814
08/06/19,3583
09/06/19,4142
10/06/19,4615
11/06/19,4973
12/06/19,7642
13/06/19,9811
14/06/19,8100
15/06/19,6299
16/06/19,8700
17/06/19,9308
18/06/19,7346
19/06/19,6837
20/06/19,6487
21/06/19,6497
22/06/19,5988
23/06/19,4915
24/06/19,6423
25/06/19,5481
26/06/19,6915
27/06/19,5920
28/06/19,5910
29/06/19,5903
30/06/19,4817
01/07/19,5281
02/07/19,5333
03/07/19,9184
04/07/19,6762
05/07/19,4967
06/07/19,4356
07/07/19,4347
08/07/19,5804
09/07/19,7138
10/07/19,8031
11/07/19,6569
12/07/19,5919
13/07/19,5733
14/07/19,5176
15/07/19,5909
16/07/19,6359
17/07/19,6507
18/07/19,5894
19/07/19,5372
20/07/19,4475
21/07/19,4397
22/07/19,5911
23/07/19,5467
24/07/19,5089
25/07/19,4969
26/07/19,5190
27/07/19,4250
28/07/19,4264
29/07/19,5350
30/07/19,7717
31/07/19,10191
01/08/19,5972
02/08/19,5265
03/08/19,4363
04/08/19,4009
05/08/19,4908
06/08/19,4725
07/08/19,4853
08/08/19,4482
09/08/19,4081
10/08/19,3650
11/08/19,3638
12/08/19,4050
13/08/19,4449
14/08/19,4277
15/08/19,4256
16/08/19,4367
17/08/19,3748
18/08/19,3685
19/08/19,4546
20/08/19,4244
21/08/19,4269
22/08/19,4324
23/08/19,4246
24/08/19,3679
25/08/19,3400
26/08/19,4377
27/08/19,4440
28/08/19,4817
29/08/19,4515
30/08/19,4258
31/08/19,3330
01/09/19,2905
02/09/19,3703
03/09/19,3571
04/09/19,3783
05/09/19,3841
06/09/19,3601
07/09/19,3396
08/09/19,3290
09/09/19,3667
10/09/19,4014
11/09/19,3854
12/09/19,4229
13/09/19,3865
14/09/19,3397
15/09/19,3606
16/09/19,4515
17/09/19,4583
18/09/19,4314
19/09/19,4520
20/09/19,4428
21/09/19,3540
22/09/19,3226
23/09/19,4044
24/09/19,4297
25/09/19,4238
26/09/19,3938
27/09/19,3882
28/09/19,3516
29/09/19,3650
30/09/19,4510
01/10/19,3797
02/10/19,3513
03/10/19,3434
04/10/19,3327
05/10/19,3532
06/10/19,3141
07/10/19,4045
08/10/19,4242
09/10/19,4426
10/10/19,4622
11/10/19,4516
12/10/19,3769
13/10/19,3706
14/10/19,4193
15/10/19,4525
16/10/19,3991
17/10/19,3714
18/10/19,3365
19/10/19,3221
20/10/19,3403
21/10/19,3275
22/10/19,3874
23/10/19,3813
24/10/19,3751
25/10/19,3962
26/10/19,3715
27/10/19,3129
28/10/19,3710
29/10/19,4693
30/10/19,4088
31/10/19,4026
01/11/19,3420
02/11/19,3428
03/11/19,3582
04/11/19,4158
05/11/19,3882
06/11/19,4159
07/11/19,3422
08/11/19,3196
09/11/19,3074
10/11/19,3065
11/11/19,3789
12/11/19,3573
13/11/19,3679
14/11/19,3658
15/11/19,4035
16/11/19,3536
17/11/19,3272
18/11/19,3759
19/11/19,5559
20/11/19,4708
21/11/19,4012
22/11/19,4443
23/11/19,3602
24/11/19,3232
25/11/19,3348
26/11/19,3539
27/11/19,4156
28/11/19,3137
29/11/19,3912
30/11/19,3119
01/12/19,3174
02/12/19,3678
03/12/19,3741
04/12/19,3638
05/12/19,3433
06/12/19,3141
07/12/19,3203
08/12/19,3404
09/12/19,3592
10/12/19,3201
11/12/19,3254
12/12/19,3032
13/12/19,3068
14/12/19,2683
15/12/19,2489
16/12/19,2995
17/12/19,2816
18/12/19,3134
19/12/19,3075
20/12/19,2523
21/12/19,2329
22/12/19,2571
23/12/19,2693
24/12/19,2466
25/12/19,2463
26/12/19,3040
27/12/19,2923
28/12/19,2605
29/12/19,2505
30/12/19,2799
31/12/19,2418
01/01/20,2161
02/01/20,3019
03/01/20,2750
04/01/20,2250
05/01/20,2321
06/01/20,2762
07/01/20,2861
08/01/20,2647
09/01/20,3260
10/01/20,3759
11/01/20,2808
12/01/20,2602
13/01/20,3126
14/01/20,3585
15/01/20,3644
16/01/20,3536
17/01/20,3482
18/01/20,3331
19/01/20,3264
20/01/20,3912
21/01/20,4214
22/01/20,3625
23/01/20,3629
24/01/20,3076
25/01/20,2930
26/01/20,2833
27/01/20,3146
28/01/20,3951
29/01/20,3844
30/01/20,3928
31/01/20,3507
01/02/20,3298
02/02/20,3924
03/02/20,4094
04/02/20,3989
05/02/20,4835
06/02/20,4277
07/02/20,4363
08/02/20,3934
09/02/20,4307
10/02/20,3940
11/02/20,4876
12/02/20,5840
13/02/20,6045
14/02/20,3995
15/02/20,3712
16/02/20,3174
17/02/20,4413
18/02/20,5403
19/02/20,4294
20/02/20,4128
21/02/20,4166
22/02/20,4822
23/02/20,4097
24/02/20,4748
25/02/20,3707
26/02/20,4174
27/02/20,4109
28/02/20,6553
29/02/20,4712
01/03/20,3433
02/03/20,4780
03/03/20,3540
04/03/20,4265
05/03/20,4149
06/03/20,3379
07/03/20,2936
08/03/20,3217
09/03/20,3012
10/03/20,3275
11/03/20,3044
12/03/20,4013
13/03/20,3492
14/03/20,2441
15/03/20,2234
16/03/20,2651
17/03/20,3001
18/03/20,2566
19/03/20,2479
20/03/20,2770
21/03/20,2575
22/03/20,2904
23/03/20,2652
24/03/20,2607
25/03/20,2713
26/03/20,2910
27/03/20,2498
28/03/20,3254
29/03/20,2748
30/03/20,2513
31/03/20,2682
01/04/20,2749
02/04/20,2575
03/04/20,2672
04/04/20,2814
05/04/20,2283
06/04/20,3413
07/04/20,4052
08/04/20,3163
09/04/20,2818
10/04/20,2801
11/04/20,3019
12/04/20,2920
13/04/20,3132
14/04/20,4488
15/04/20,3129
16/04/20,4429
17/04/20,3592
18/04/20,5103
19/04/20,5176
20/04/20,4023
21/04/20,5437
22/04/20,5296
23/04/20,5692
24/04/20,4233
25/04/20,3861
26/04/20,5986
27/04/20,4227
28/04/20,4309
29/04/20,4554
30/04/20,4570
01/05/20,6749
02/05/20,5369
03/05/20,5292
04/05/20,3923
05/05/20,4672
06/05/20,4393
07/05/20,3894
08/05/20,3870
09/05/20,4038
10/05/20,2760
11/05/20,3923
12/05/20,4661
13/05/20,4296
14/05/20,5462
15/05/20,3888
16/05/20,3445
17/05/20,3954
18/05/20,5434
19/05/20,5521
20/05/20,5284
21/05/20,5992
22/05/20,4502
23/05/20,3445
24/05/20,4564
25/05/20,5192
26/05/20,4945
27/05/20,4335
28/05/20,3474
29/05/20,5122
30/05/20,4695
31/05/20,3985
01/06/20,4614
02/06/20,4719
03/06/20,3716
04/06/20,4122
05/06/20,4207
06/06/20,4816
07/06/20,3361
08/06/20,6127
09/06/20,5477
10/06/20,5872
11/06/20,4404
12/06/20,3678
13/06/20,5230
14/06/20,5036
15/06/20,4998
16/06/20,5431
17/06/20,8035
18/06/20,5129
19/06/20,4513
20/06/20,3483
21/06/20,3878
22/06/20,5265
23/06/20,5223
24/06/20,4538
25/06/20,3298
26/06/20,3521
27/06/20,3164
28/06/20,4318
29/06/20,4349
30/06/20,3845
01/07/20,4544
02/07/20,4332
03/07/20,4064
04/07/20,4052
05/07/20,3666
06/07/20,5520
07/07/20,5571
08/07/20,5357
09/07/20,4253
10/07/20,10018
11/07/20,5952
12/07/20,5084
13/07/20,7493
14/07/20,5033
15/07/20,3792
16/07/20,4095
17/07/20,3609
18/07/20,null
19/07/20,3418
20/07/20,3521
21/07/20,4436
22/07/20,5609
23/07/20,7211
24/07/20,6596
25/07/20,7078
26/07/20,5901
27/07/20,6908
28/07/20,5404
29/07/20,7099
30/07/20,8472
31/07/20,6756
01/08/20,8828
02/08/20,12290
03/08/20,11558
04/08/20,9095
05/08/20,7857
06/08/20,10650
07/08/20,11080
08/08/20,6259
09/08/20,6486
10/08/20,6523
11/08/20,5735
12/08/20,6442
13/08/20,8445
14/08/20,8426
15/08/20,6443
16/08/20,5871
17/08/20,6165
18/08/20,5653
19/08/20,5234
20/08/20,5204
21/08/20,4887
22/08/20,5202
23/08/20,6153
24/08/20,6115
25/08/20,6068
26/08/20,7461
27/08/20,9005
28/08/20,6517
29/08/20,6138
30/08/20,5862
31/08/20,6420
01/09/20,12058
02/09/20,7617
03/09/20,6715
04/09/20,5321
05/09/20,5590
06/09/20,9573
07/09/20,9802
08/09/20,8913
09/09/20,5891
10/09/20,6306
11/09/20,7083
12/09/20,6739
13/09/20,9144
14/09/20,7276
15/09/20,8857
16/09/20,6985
17/09/20,8006
18/09/20,8422
19/09/20,8173
20/09/20,7237
21/09/20,5802
22/09/20,6579
23/09/20,6825
24/09/20,8710
25/09/20,11497
26/09/20,7610
27/09/20,6694
28/09/20,7340
29/09/20,5738
30/09/20,5677
01/10/20,8086
02/10/20,11339
03/10/20,7397
04/10/20,9397
05/10/20,8508
06/10/20,5192
07/10/20,11569
08/10/20,13049
09/10/20,14043
10/10/20,6577
11/10/20,8248
12/10/20,7241
13/10/20,8311
14/10/20,9095
15/10/20,8731
16/10/20,12522
17/10/20,15998
18/10/20,21066
19/10/20,19447
20/10/20,15321
21/10/20,8048
22/10/20,8587
23/10/20,6199
24/10/20,7755
25/10/20,9459
26/10/20,8140
27/10/20,6860
28/10/20,9320
29/10/20,8022
30/10/20,7375
31/10/20,5592
01/11/20,7593
02/11/20,11233
03/11/20,7229
04/11/20,6905
05/11/20,6444
06/11/20,7494
07/11/20,7694
08/11/20,6252
09/11/20,11813
10/11/20,8386
11/11/20,13481
12/11/20,9993
13/11/20,8850
14/11/20,10032
15/11/20,12977
16/11/20,10906
17/11/20,13800
18/11/20,6823
19/11/20,6267
20/11/20,9980
21/11/20,10578
22/11/20,9386
23/11/20,10300
24/11/20,7888
25/11/20,5570
26/11/20,6361
27/11/20,8541
28/11/20,7852
29/11/20,8112
30/11/20,11239
01/12/20,12445
02/12/20,7720
03/12/20,7394
04/12/20,6567
05/12/20,4615
06/12/20,7304
07/12/20,7295
08/12/20,8204
09/12/20,12365
10/12/20,7850
11/12/20,5867
12/12/20,5604
13/12/20,7473
14/12/20,6330
15/12/20,5034
16/12/20,12192
17/12/20,10518
18/12/20,13693
19/12/20,10850
20/12/20,8331
21/12/20,8956
22/12/20,6283
23/12/20,7519
24/12/20,6321
25/12/20,5274
26/12/20,7737
27/12/20,11866
28/12/20,11910
29/12/20,6686
30/12/20,6759
31/12/20,6848
01/01/21,6939
02/01/21,8771
03/01/21,19081
04/01/21,20818
05/01/21,12811
06/01/21,13526
07/01/21,11368
08/01/21,10659
09/01/21,9498
10/01/21,12392
11/01/21,14501
12/01/21,10584
13/01/21,9061
14/01/21,9367
15/01/21,16638
16/01/21,9089
17/01/21,9528
18/01/21,11562
19/01/21,30134
20/01/21,14704
21/01/21,14809
22/01/21,10661
23/01/21,9344
24/01/21,13600
25/01/21,18718
26/01/21,12601
27/01/21,13422
28/01/21,14092
29/01/21,14839
30/01/21,12159
31/01/21,9987
01/02/21,12505
02/02/21,23049
03/02/21,22956
04/02/21,18854
05/02/21,19705
06/02/21,16662
07/02/21,13541
08/02/21,15271
09/02/21,20495
10/02/21,15824
11/02/21,12603
12/02/21,14288
13/02/21,12381
14/02/21,12313
15/02/21,14203
16/02/21,18965
17/02/21,17016
18/02/21,17809
19/02/21,13291
20/02/21,17689
21/02/21,10868
22/02/21,15010
23/02/21,16288
24/02/21,12805
25/02/21,11221
26/02/21,12095
27/02/21,11924
28/02/21,11789
01/03/21,11864
02/03/21,11059
03/03/21,13188
04/03/21,10699
05/03/21,12095
06/03/21,9476
07/03/21,14052
08/03/21,13060
09/03/21,13572
10/03/21,12506
11/03/21,16141
12/03/21,18020
13/03/21,17682
14/03/21,14700
15/03/21,14038
16/03/21,15452
17/03/21,12552
18/03/21,15854
19/03/21,17158
20/03/21,12673
21/03/21,13575
22/03/21,20654
23/03/21,16517
24/03/21,15197
25/03/21,18323
26/03/21,15693
27/03/21,12069
28/03/21,11965
29/03/21,22005
30/03/21,15532
31/03/21,18808
01/04/21,8591
02/04/21,10781
03/04/21,34171
04/04/21,28198
05/04/21,13478
06/04/21,8368
07/04/21,32378
08/04/21,33661
09/04/21,27584
10/04/21,28165
11/04/21,22446
12/04/21,27353
13/04/21,35202
14/04/21,44170
15/04/21,34130
16/04/21,37022
17/04/21,27593
18/04/21,44299
19/04/21,34261
20/04/21,24962
21/04/21,27470
22/04/21,24889
23/04/21,16503
24/04/21,21274
25/04/21,16370
26/04/21,15942
27/04/21,19937
28/04/21,29483
29/04/21,40573
30/04/21,31070
01/05/21,32934
02/05/21,22312
03/05/21,45092
04/05/21,32641
05/05/21,24782
06/05/21,36078
07/05/21,31694
08/05/21,29966
09/05/21,21281
10/05/21,33925
11/05/21,23569
12/05/21,31930
13/05/21,25354
14/05/21,23844
15/05/21,18511
16/05/21,19008
17/05/21,23003
18/05/21,30883
19/05/21,47328
20/05/21,31240
21/05/21,29786
22/05/21,26168
23/05/21,26923
24/05/21,25170
25/05/21,23147
26/05/21,29736
27/05/21,29184
28/05/21,33173
29/05/21,28110
30/05/21,18637
31/05/21,20195
01/06/21,18813
02/06/21,18551
03/06/21,17495
04/06/21,20887
05/06/21,36725
06/06/21,27535
07/06/21,26752
08/06/21,20561
09/06/21,29360
10/06/21,26529
11/06/21,25413
12/06/21,26489
13/06/21,26452
14/06/21,37817
15/06/21,34658
16/06/21,32356
17/06/21,31273
18/06/21,22102
19/06/21,14446
20/06/21,17641
21/06/21,18085
22/06/21,20787
23/06/21,27428
24/06/21,27032
25/06/21,20816
26/06/21,20099
27/06/21,14921
28/06/21,26153
29/06/21,27967
30/06/21,23377
01/07/21,23095
02/07/21,29924
03/07/21,29342
04/07/21,20533
05/07/21,21048
06/07/21,24745
07/07/21,29445
08/07/21,31441
09/07/21,23852
10/07/21,20983
11/07/21,19809
12/07/21,25346
13/07/21,25896
14/07/21,26610
15/07/21,22549
16/07/21,17381
17/07/21,19674
18/07/21,24221
19/07/21,19768
20/07/21,26513
21/07/21,32606
22/07/21,29734
23/07/21,30862
24/07/21,30240
25/07/21,24998
26/07/21,24806
27/07/21,38559
28/07/21,26647
29/07/21,25963
30/07/21,32211
31/07/21,31256
01/08/21,31066
02/08/21,44042
03/08/21,28971
04/08/21,35914
05/08/21,59950
06/08/21,38799
07/08/21,44326
08/08/21,43105
09/08/21,42178
10/08/21,38684
11/08/21,43492
12/08/21,37591
13/08/21,31280
14/08/21,22429
15/08/21,21107
16/08/21,31044
17/08/21,19925
18/08/21,25625
19/08/21,25767
20/08/21,20393
21/08/21,22018
22/08/21,21837
23/08/21,37143
24/08/21,26620
25/08/21,27634
26/08/21,22451
27/08/21,30536
28/08/21,22253
29/08/21,25430
30/08/21,29169
31/08/21,34500
01/09/21,39148
02/09/21,29021
03/09/21,37655
04/09/21,31096
05/09/21,21893
06/09/21,28865
07/09/21,27853
08/09/21,27909
09/09/21,31098
10/09/21,27963
11/09/21,21104
12/09/21,23123
13/09/21,25019
14/09/21,25406
15/09/21,27473
16/09/21,26187
17/09/21,30198
18/09/21,26790
19/09/21,28850
20/09/21,26850
21/09/21,25071
22/09/21,19230
23/09/21,20047
24/09/21,26675
25/09/21,23237
26/09/21,20151
27/09/21,24254
28/09/21,23582
29/09/21,31290
30/09/21,33421
01/10/21,26470
02/10/21,25248
03/10/21,34828
04/10/21,24167
05/10/21,26569
06/10/21,24948
07/10/21,23773
08/10/21,25040
09/10/21,23473
10/10/21,24494
11/10/21,28262
12/10/21,25610
13/10/21,28144
14/10/21,25275
15/10/21,26085
16/10/21,25471
17/10/21,26021
18/10/21,23548
19/10/21,26728
20/10/21,36241
21/10/21,41609
22/10/21,34626
23/10/21,34507
24/10/21,62007
25/10/21,48444
26/10/21,45625
27/10/21,41943
28/10/21,38394
29/10/21,57240
30/10/21,46003
31/10/21,39931
01/11/21,38367
02/11/21,42327
03/11/21,47276
04/11/21,40981
05/11/21,41318
06/11/21,33146
07/11/21,37815
08/11/21,44826
09/11/21,57500
10/11/21,37508
11/11/21,30537
12/11/21,33639
13/11/21,39261
14/11/21,38886
15/11/21,35272
16/11/21,34724
17/11/21,44126
18/11/21,39686
19/11/21,34106
20/11/21,36876
21/11/21,39372
22/11/21,41180
23/11/21,39724
24/11/21,34887
25/11/21,38163
26/11/21,40065
27/11/21,31091
28/11/21,33963
29/11/21,41575
30/11/21,45754
01/12/21,44844
02/12/21,44400
03/12/21,40776
04/12/21,38694
05/12/21,33185
06/12/21,35847
07/12/21,45548
08/12/21,39969
09/12/21,36319
10/12/21,39261
11/12/21,37783
12/12/21,36001
13/12/21,37516
14/12/21,38018
15/12/21,34965
16/12/21,38548
17/12/21,30501
18/12/21,39046
19/12/21,41079
20/12/21,36078
21/12/21,34822
22/12/21,32137
23/12/21,31907
24/12/21,39638
25/12/21,41334
26/12/21,42335
27/12/21,38999
28/12/21,44527
29/12/21,49433
30/12/21,40164
31/12/21,32832
01/01/22,37667
02/01/22,45681
03/01/22,46736
04/01/22,38057
05/01/22,43575
06/01/22,58642
07/01/22,58591
08/01/22,49460
09/01/22,51462
10/01/22,45707
11/01/22,46960
12/01/22,46873
13/01/22,45455
14/01/22,47726
15/01/22,52578
16/01/22,43243
17/01/22,49681
18/01/22,44630
19/01/22,44660
20/01/22,49957
21/01/22,49490
22/01/22,45765
23/01/22,40948
24/01/22,46561
25/01/22,36814
26/01/22,43053
27/01/22,39414
28/01/22,39624
29/01/22,37396
30/01/22,41129
31/01/22,40648
01/02/22,38964
02/02/22,39743
03/02/22,37948
04/02/22,47796
05/02/22,40765
06/02/22,34877
07/02/22,48998
08/02/22,52218
09/02/22,47141
10/02/22,42329
11/02/22,38233
12/02/22,40379
13/02/22,38850
14/02/22,37705
15/02/22,35337
16/02/22,45770
17/02/22,45006
18/02/22,41294
19/02/22,46998
20/02/22,49753
21/02/22,43084
22/02/22,44036
23/02/22,37830
24/02/22,34526
25/02/22,34924
26/02/22,34090
27/02/22,36975
28/02/22,38798
01/03/22,34301
02/03/22,46161
03/03/22,31073
04/03/22,33378
05/03/22,32296
06/03/22,28964
07/03/22,40671
08/03/22,35826
09/03/22,40325
10/03/22,36259
11/03/22,34919
12/03/22,30516
13/03/22,27491
14/03/22,35069
15/03/22,61499
16/03/22,38710
17/03/22,37160
18/03/22,39923
19/03/22,55979
20/03/22,59433
21/03/22,68662
22/03/22,136628
23/03/22,60366
24/03/22,52420
25/03/22,58454
26/03/22,48921
27/03/22,53188
28/03/22,47041
29/03/22,82920
30/03/22,68828
31/03/22,50155
01/04/22,44681
02/04/22,40100
03/04/22,50399
04/04/22,49755
05/04/22,49055
06/04/22,37436
07/04/22,48947
08/04/22,44458
09/04/22,62837
10/04/22,48246
11/04/22,41065
12/04/22,42900
13/04/22,53138
14/04/22,62544
15/04/22,55420
16/04/22,39280
17/04/22,44452
18/04/22,50083
19/04/22,48479
20/04/22,85941
21/04/22,127737
22/04/22,102203
23/04/22,54883
24/04/22,46540
25/04/22,60010
26/04/22,37255
27/04/22,37767
28/04/22,40665
29/04/22,43257
30/04/22,33650
01/05/22,47350
02/05/22,35474
03/05/22,34845
04/05/22,36422
05/05/22,32390