Date,Price,Open,High,Low
2022-04-30,2727.18,2817.14,2841.16,2716.31
2022-04-29,2816.66,2937.01,2946.18,2778.33
2022-04-28,2937.01,2889.01,2977.78,2856.42
2022-04-27,2888.99,2810.42,2916.39,2795.58
2022-04-26,2810.42,3006.04,3032.70,2768.38
2022-04-25,3006.04,2922.03,3023.23,2800.21
2022-04-24,2922.03,2931.90,2966.94,2915.66
2022-04-23,2931.90,2963.00,2977.45,2917.84
2022-04-22,2963.00,2983.91,3029.14,2937.47
2022-04-21,2983.95,3076.06,3176.69,2950.97
2022-04-20,3076.38,3101.79,3161.90,3037.67
2022-04-19,3102.01,3055.86,3128.86,3030.32
2022-04-18,3055.64,2989.05,3069.07,2887.25
2022-04-17,2989.05,3058.96,3081.14,2983.17
2022-04-16,3058.96,3042.01,3084.84,3011.47
2022-04-15,3042.01,3021.93,3056.84,2996.62
2022-04-14,3021.93,3117.21,3143.18,2980.84
2022-04-13,3116.92,3027.64,3128.20,2999.66
2022-04-12,3027.25,2978.45,3082.02,2951.80
2022-04-11,2978.29,3201.99,3213.52,2953.66
2022-04-10,3201.84,3259.59,3306.14,3198.10
2022-04-09,3259.35,3193.54,3268.18,3182.10
2022-04-08,3193.93,3228.83,3311.42,3174.14
2022-04-07,3228.84,3169.58,3268.56,3143.96
2022-04-06,3169.58,3406.83,3406.87,3164.24
2022-04-05,3406.78,3520.35,3554.54,3400.74
2022-04-04,3520.41,3521.16,3544.92,3412.01
2022-04-03,3521.10,3442.34,3579.82,3414.40
2022-04-02,3442.34,3456.18,3529.63,3436.79
2022-04-01,3456.18,3282.33,3478.74,3215.33
2022-03-31,3282.35,3385.60,3444.43,3263.36
2022-03-30,3385.64,3401.86,3445.98,3333.50
2022-03-29,3401.89,3329.67,3481.23,3329.67
2022-03-28,3329.38,3295.73,3428.41,3275.32
2022-03-27,3297.04,3145.95,3297.40,3126.46
2022-03-26,3146.01,3103.43,3150.09,3085.80
2022-03-25,3103.51,3110.80,3192.73,3081.71
2022-03-24,3109.25,3036.18,3126.37,3005.99
2022-03-23,3036.12,2969.64,3042.28,2925.78
2022-03-22,2969.64,2891.41,3048.32,2887.69
2022-03-21,2891.63,2861.66,2960.42,2830.38
2022-03-20,2861.69,2950.03,2962.19,2819.27
2022-03-19,2949.92,2939.76,2984.00,2895.30
2022-03-18,2939.76,2812.29,2983.11,2768.65
2022-03-17,2812.29,2773.80,2832.61,2747.06
2022-03-16,2773.94,2617.43,2787.12,2603.80
2022-03-15,2617.43,2589.54,2667.61,2510.75
2022-03-14,2589.30,2516.75,2608.68,2500.12
2022-03-13,2516.75,2569.80,2600.65,2494.59
2022-03-12,2569.80,2556.96,2612.33,2555.85
2022-03-11,2556.96,2606.50,2670.05,2525.20
2022-03-10,2606.50,2726.94,2731.37,2559.90
2022-03-09,2726.94,2577.21,2772.09,2569.13
2022-03-08,2577.21,2492.53,2623.99,2483.29
2022-03-07,2492.53,2549.40,2645.41,2447.74
2022-03-06,2549.40,2665.42,2673.19,2542.19
2022-03-05,2665.42,2622.15,2684.50,2592.07
2022-03-04,2622.15,2834.78,2835.94,2575.63
2022-03-03,2834.91,2947.03,2967.90,2789.87
2022-03-02,2947.14,2975.80,3041.84,2914.70
2022-03-01,2975.81,2922.44,3036.59,2858.54
2022-02-28,2922.50,2616.34,2949.44,2574.12
2022-02-27,2616.34,2779.55,2834.61,2562.94
2022-02-26,2776.96,2767.58,2856.01,2734.56
2022-02-25,2767.53,2596.52,2830.31,2573.39
2022-02-24,2596.52,2578.54,2732.02,2303.07
2022-02-23,2578.15,2637.38,2749.80,2578.15
2022-02-22,2636.13,2569.19,2663.01,2501.40
2022-02-21,2569.87,2619.32,2755.58,2560.24
2022-02-20,2619.32,2763.97,2764.46,2577.52
2022-02-19,2763.81,2779.44,2829.20,2699.70
2022-02-18,2779.56,2893.78,2943.14,2754.15
2022-02-17,2894.03,3122.33,3159.83,2855.66
2022-02-16,3118.90,3182.32,3184.88,3045.92
2022-02-15,3182.27,2929.29,3193.18,2912.61
2022-02-14,2929.31,2871.06,2963.70,2834.13
2022-02-13,2870.25,2917.16,2952.94,2838.29
2022-02-12,2917.10,2927.64,2984.72,2858.85
2022-02-11,2927.63,3071.80,3136.33,2880.60
2022-02-10,3071.83,3243.73,3277.36,3058.59
2022-02-09,3243.62,3115.91,3266.41,3055.95
2022-02-08,3115.88,3139.65,3228.86,3029.70
2022-02-07,3140.18,3056.29,3185.77,2995.59
2022-02-06,3056.20,3013.75,3073.23,2957.16
2022-02-05,3013.81,2994.74,3058.88,2963.11
2022-02-04,2994.99,2692.80,2994.99,2671.72
2022-02-03,2692.80,2680.66,2723.97,2579.80
2022-02-02,2681.00,2787.16,2809.57,2618.07
2022-02-01,2787.16,2686.82,2808.60,2676.32
2022-01-31,2686.82,2602.71,2704.64,2478.85
2022-01-30,2602.77,2600.12,2636.04,2543.99
2022-01-29,2600.02,2545.95,2632.51,2520.14
2022-01-28,2545.95,2424.66,2556.34,2362.53
2022-01-27,2424.66,2462.25,2515.19,2317.30
2022-01-26,2461.41,2458.07,2719.32,2405.66
2022-01-25,2458.07,2441.01,2504.32,2352.36
2022-01-24,2441.01,2540.81,2540.81,2161.55
2022-01-23,2540.81,2412.52,2547.19,2373.85
2022-01-22,2412.52,2570.67,2621.21,2311.80
2022-01-21,2571.29,3000.21,3032.69,2471.80
2022-01-20,3004.72,3084.48,3270.71,2989.19
2022-01-19,3083.65,3160.15,3173.63,3049.30
2022-01-18,3160.15,3209.43,3242.47,3084.48
2022-01-17,3209.35,3346.63,3356.45,3142.40
2022-01-16,3346.59,3326.50,3388.22,3276.44
2022-01-15,3327.74,3307.84,3369.95,3265.41
2022-01-14,3307.90,3241.95,3341.24,3195.65
2022-01-13,3238.03,3370.87,3407.98,3234.97
2022-01-12,3370.89,3238.22,3406.79,3208.00
2022-01-11,3237.89,3084.64,3262.78,3053.40
2022-01-10,3085.43,3150.27,3179.96,2931.68
2022-01-09,3150.30,3079.89,3210.34,3060.47
2022-01-08,3080.02,3198.14,3244.46,3001.76
2022-01-07,3195.31,3407.22,3413.26,3077.30
2022-01-06,3407.77,3536.15,3550.19,3306.14
2022-01-05,3535.86,3784.47,3846.44,3418.46
2022-01-04,3789.52,3764.62,3889.07,3715.24
2022-01-03,3764.24,3830.70,3849.50,3682.48
2022-01-02,3830.67,3765.67,3851.16,3718.33
2022-01-01,3765.67,3677.69,3775.20,3675.75
2021-12-31,3677.85,3709.38,3812.01,3623.74
2021-12-30,3709.57,3629.33,3767.93,3589.64
2021-12-29,3627.93,3792.95,3825.97,3607.20
2021-12-28,3791.69,4036.86,4036.86,3760.86
2021-12-27,4036.24,4062.02,4125.22,4033.04
2021-12-26,4061.27,4093.38,4104.23,4005.38
2021-12-25,4093.14,4043.60,4136.03,4024.87
2021-12-24,4043.39,4110.20,4133.77,4024.24
2021-12-23,4110.14,3979.57,4149.17,3895.89
2021-12-22,3979.54,4016.25,4072.40,3944.15
2021-12-21,4016.59,3944.03,4058.76,3915.56
2021-12-20,3938.80,3925.46,3978.66,3757.42
2021-12-19,3925.34,3959.90,4025.36,3890.90
2021-12-18,3959.83,3878.20,3993.05,3769.91
2021-12-17,3878.29,3957.12,3993.87,3702.33
2021-12-16,3956.62,4019.57,4108.24,3955.46
2021-12-15,4019.24,3860.51,4090.15,3649.69
2021-12-14,3861.55,3782.12,3879.43,3690.06
2021-12-13,3781.94,4131.47,4141.27,3673.19
2021-12-12,4131.78,4078.17,4173.21,3988.29
2021-12-11,4075.66,3903.52,4094.92,3836.92
2021-12-10,3903.48,4107.20,4226.79,3894.03
2021-12-09,4107.69,4435.74,4482.89,4078.14
2021-12-08,4435.74,4307.08,4449.69,4229.63
2021-12-07,4307.08,4351.36,4424.20,4259.45
2021-12-06,4353.31,4194.95,4373.23,3922.65
2021-12-05,4194.80,4118.27,4247.38,4036.00
2021-12-04,4123.46,4219.30,4237.56,3533.02
2021-12-03,4219.30,4512.90,4646.73,4047.07
2021-12-02,4512.90,4583.28,4629.75,4437.53
2021-12-01,4583.28,4628.72,4778.14,4525.33
2021-11-30,4628.90,4443.22,4749.12,4349.21
2021-11-29,4443.22,4296.98,4456.82,4280.18
2021-11-28,4296.98,4095.16,4297.63,3980.24
2021-11-27,4094.80,4037.06,4183.02,4029.06
2021-11-26,4034.53,4520.30,4548.10,3917.43
2021-11-25,4520.30,4270.73,4549.74,4248.90
2021-11-24,4273.54,4340.23,4372.83,4172.19
2021-11-23,4340.23,4086.73,4384.75,4064.17
2021-11-22,4086.95,4268.07,4311.46,4026.75
2021-11-21,4268.08,4409.02,4422.60,4246.20
2021-11-20,4408.85,4295.27,4434.27,4206.75
2021-11-19,4295.43,3996.29,4305.41,3978.08
2021-11-18,4001.87,4290.31,4342.74,3958.44
2021-11-17,4290.88,4208.29,4298.30,4071.01
2021-11-16,4208.16,4562.97,4562.97,4115.31
2021-11-15,4562.98,4625.71,4769.38,4543.47
2021-11-14,4625.59,4644.40,4692.76,4514.95
2021-11-13,4644.61,4665.76,4705.02,4585.37
2021-11-12,4667.31,4720.50,4807.16,4511.96
2021-11-11,4720.87,4633.98,4778.17,4578.66
2021-11-10,4634.03,4731.83,4864.06,4498.78
2021-11-09,4731.83,4808.34,4836.69,4715.43
2021-11-08,4808.38,4612.05,4822.97,4612.05
2021-11-07,4612.06,4517.27,4634.39,4502.70
2021-11-06,4517.36,4475.00,4526.75,4330.29
2021-11-05,4475.00,4534.96,4569.31,4439.67
2021-11-04,4535.11,4601.93,4604.83,4421.87
2021-11-03,4602.21,4586.96,4661.88,4458.87
2021-11-02,4586.06,4320.85,4598.38,4287.36
2021-11-01,4320.85,4287.41,4376.94,4157.51
2021-10-31,4287.56,4322.00,4393.61,4169.48
2021-10-30,4320.65,4413.70,4428.41,4250.24
2021-10-29,4413.70,4284.90,4458.30,4268.21
2021-10-28,4284.90,3921.54,4289.80,3896.33
2021-10-27,3921.93,4130.06,4299.61,3914.06
2021-10-26,4129.51,4219.92,4291.98,4098.19
2021-10-25,4219.92,4082.68,4234.76,4069.94
2021-10-24,4082.80,4168.80,4184.00,3965.84
2021-10-23,4168.85,3970.94,4169.33,3938.79
2021-10-22,3970.94,4053.89,4164.11,3896.40
2021-10-21,4054.16,4160.51,4366.91,4029.48
2021-10-20,4159.89,3876.76,4168.12,3830.26
2021-10-19,3876.78,3745.46,3884.34,3733.78
2021-10-18,3747.60,3848.64,3892.01,3685.82
2021-10-17,3845.47,3827.55,3917.56,3664.63
2021-10-16,3827.55,3869.05,3967.43,3804.55
2021-10-15,3866.90,3790.34,3904.91,3735.21
2021-10-14,3790.41,3607.36,3820.47,3588.24
2021-10-13,3607.28,3491.08,3612.04,3416.00
2021-10-12,3489.90,3541.49,3545.35,3404.49
2021-10-11,3545.06,3414.93,3622.53,3381.43
2021-10-10,3415.03,3574.52,3599.18,3409.22
2021-10-09,3574.20,3559.96,3626.11,3541.40
2021-10-08,3559.42,3586.91,3668.35,3537.24
2021-10-07,3586.00,3575.43,3650.18,3473.47
2021-10-06,3575.41,3515.35,3627.19,3345.56
2021-10-05,3517.26,3383.32,3540.83,3365.28
2021-10-04,3382.90,3417.26,3436.34,3273.22
2021-10-03,3417.34,3388.83,3485.48,3346.63
2021-10-02,3388.97,3309.14,3467.95,3265.97
2021-10-01,3309.13,2999.86,3329.32,2972.75
2021-09-30,3000.59,2851.06,3047.08,2837.68
2021-09-29,2851.50,2807.15,2948.50,2784.66
2021-09-28,2807.28,2926.04,2969.18,2791.42
2021-09-27,2926.24,3061.86,3163.86,2926.24
2021-09-26,3063.51,2922.47,3113.65,2740.12
2021-09-25,2922.55,2928.59,2965.48,2812.70
2021-09-24,2928.57,3152.92,3158.38,2740.06
2021-09-23,3152.92,3077.80,3173.00,3035.96
2021-09-22,3077.78,2764.71,3087.97,2740.58
2021-09-21,2761.52,2976.70,3101.88,2659.71
2021-09-20,2976.05,3328.49,3344.04,2931.64
2021-09-19,3329.12,3435.92,3455.67,3282.85
2021-09-18,3435.97,3398.55,3539.50,3371.33
2021-09-17,3398.65,3569.92,3592.20,3352.32
2021-09-16,3569.43,3612.23,3672.68,3488.53
2021-09-15,3611.90,3430.36,3612.29,3361.63
2021-09-14,3428.87,3284.65,3428.87,3270.91
2021-09-13,3284.52,3408.17,3429.24,3118.66
2021-09-12,3408.28,3267.33,3469.50,3231.87
2021-09-11,3267.33,3209.37,3345.37,3202.41
2021-09-10,3207.27,3423.87,3512.90,3156.28
2021-09-09,3423.51,3498.92,3564.30,3395.94
2021-09-08,3495.10,3424.35,3557.67,3221.60
2021-09-07,3423.12,3926.84,3945.79,3061.30
2021-09-06,3927.21,3950.20,3968.20,3867.55
2021-09-05,3950.62,3885.40,3981.22,3834.74
2021-09-04,3884.97,3938.45,3968.33,3844.07
2021-09-03,3936.29,3785.85,4024.89,3715.97
2021-09-02,3786.19,3826.90,3833.89,3723.42
2021-09-01,3832.73,3429.65,3839.91,3384.82
2021-08-31,3430.74,3228.23,3467.42,3191.34
2021-08-30,3225.67,3222.43,3345.72,3145.53
2021-08-29,3222.16,3243.96,3282.21,3155.31
2021-08-28,3243.90,3273.78,3284.58,3212.24
2021-08-27,3273.58,3093.78,3279.93,3063.37
2021-08-26,3093.54,3228.03,3249.62,3057.48
2021-08-25,3228.15,3172.12,3247.43,3080.70
2021-08-24,3173.26,3322.60,3357.99,3150.75
2021-08-23,3319.49,3238.41,3375.42,3231.96
2021-08-22,3238.70,3224.17,3271.94,3128.98
2021-08-21,3223.96,3285.12,3307.33,3200.19
2021-08-20,3284.21,3184.83,3300.36,3179.18
2021-08-19,3184.82,3016.92,3185.51,2962.04
2021-08-18,3016.91,3012.62,3124.51,2951.04
2021-08-17,3014.58,3147.67,3290.03,2993.63
2021-08-16,3147.65,3307.96,3334.22,3138.37
2021-08-15,3308.87,3264.56,3318.61,3115.34
2021-08-14,3264.69,3322.25,3328.38,3209.45
2021-08-13,3322.43,3043.20,3324.53,3035.52
2021-08-12,3043.61,3160.17,3236.28,2981.35
2021-08-11,3163.66,3140.86,3269.70,3122.67
2021-08-10,3140.71,3162.81,3232.02,3057.84
2021-08-09,3162.93,3011.88,3184.84,2899.24
2021-08-08,3012.07,3158.30,3188.49,2949.66
2021-08-07,3158.00,2889.58,3169.74,2867.58
2021-08-06,2889.43,2827.23,2946.62,2726.04
2021-08-05,2827.21,2725.28,2842.95,2533.51
2021-08-04,2725.29,2506.50,2766.46,2462.32
2021-08-03,2506.65,2608.01,2631.43,2445.49
2021-08-02,2608.04,2556.07,2664.73,2513.51
2021-08-01,2556.23,2530.94,2696.38,2515.26
2021-07-31,2532.19,2461.08,2551.68,2421.70
2021-07-30,2460.95,2380.59,2467.40,2320.80
2021-07-29,2380.93,2299.46,2397.71,2269.15
2021-07-28,2299.11,2300.21,2343.49,2246.23
2021-07-27,2300.22,2230.24,2318.68,2152.92
2021-07-26,2229.53,2189.74,2430.01,2174.44
2021-07-25,2189.79,2166.98,2195.03,2108.74
2021-07-24,2151.85,2124.00,2162.29,2106.71
2021-07-23,2123.61,2024.51,2129.66,2000.27
2021-07-22,2024.58,1994.61,2043.26,1952.31
2021-07-21,1994.49,1786.18,2029.51,1758.64
2021-07-20,1786.07,1818.07,1840.36,1720.70
2021-07-19,1818.07,1891.43,1915.15,1807.19
2021-07-18,1892.42,1898.01,1988.24,1881.60
2021-07-17,1897.98,1877.00,1917.80,1851.97
2021-07-16,1878.20,1917.21,1960.21,1852.42
2021-07-15,1917.21,1994.73,2038.91,1884.81
2021-07-14,1994.64,1940.48,2017.99,1868.45
2021-07-13,1940.72,2035.09,2042.61,1920.62
2021-07-12,2035.09,2139.44,2167.60,2008.66
2021-07-11,2139.35,2110.90,2173.34,2081.62
2021-07-10,2111.12,2146.15,2191.30,2078.43
2021-07-09,2145.89,2120.05,2185.62,2066.09
2021-07-08,2120.22,2316.21,2322.47,2095.92
2021-07-07,2316.57,2322.74,2402.68,2296.43
2021-07-06,2322.72,2196.25,2347.47,2194.20
2021-07-05,2196.16,2322.60,2322.60,2163.09
2021-07-04,2323.22,2224.70,2386.20,2222.95
2021-07-03,2224.70,2154.53,2236.97,2115.80
2021-07-02,2154.78,2108.58,2158.70,2019.75
2021-07-01,2109.11,2274.50,2274.63,2077.56
2021-06-30,2273.84,2158.32,2281.55,2090.61
2021-06-29,2158.71,2083.48,2241.86,2076.17
2021-06-28,2083.09,1981.24,2142.84,1962.89
2021-06-27,1979.88,1830.42,1980.70,1808.59
2021-06-26,1830.62,1810.53,1850.40,1719.32
2021-06-25,1810.57,1989.77,2017.47,1793.47
2021-06-24,1989.14,1968.76,2033.96,1886.74
2021-06-23,1968.39,1877.28,2043.10,1823.57
2021-06-22,1876.66,1890.95,1994.32,1707.24
2021-06-21,1891.18,2244.25,2257.86,1868.32
2021-06-20,2243.86,2166.30,2276.83,2045.03
2021-06-19,2166.91,2229.53,2276.70,2164.14
2021-06-18,2229.53,2372.10,2376.62,2142.74
2021-06-17,2371.62,2367.78,2459.11,2309.08
2021-06-16,2367.28,2544.35,2552.12,2353.24
2021-06-15,2543.83,2581.42,2637.90,2512.39
2021-06-14,2581.48,2508.49,2606.91,2467.61
2021-06-13,2508.27,2368.68,2547.90,2311.96
2021-06-12,2368.47,2351.45,2448.04,2260.80
2021-06-11,2351.45,2470.04,2493.48,2324.21
2021-06-10,2469.97,2607.45,2615.46,2432.41
2021-06-09,2606.23,2507.86,2620.74,2408.37
2021-06-08,2510.65,2592.12,2618.70,2320.64
2021-06-07,2592.63,2713.52,2842.88,2581.24
2021-06-06,2713.66,2628.43,2743.53,2614.48
2021-06-05,2628.98,2688.75,2814.02,2555.98
2021-06-04,2686.50,2856.63,2856.63,2557.71
2021-06-03,2853.35,2705.05,2889.19,2666.39
2021-06-02,2706.10,2633.74,2801.00,2554.88
2021-06-01,2633.67,2707.94,2738.23,2529.73
2021-05-31,2708.47,2386.93,2713.98,2279.42
2021-05-30,2386.10,2276.97,2465.84,2181.93
2021-05-29,2276.07,2411.68,2567.42,2207.21
2021-05-28,2414.29,2742.39,2760.17,2332.43
2021-05-27,2735.88,2885.02,2885.87,2638.62
2021-05-26,2884.66,2705.69,2908.37,2648.10
2021-05-25,2705.09,2647.27,2747.49,2388.81
2021-05-24,2646.79,2101.30,2667.20,2080.87
2021-05-23,2101.34,2292.68,2379.89,1739.91
2021-05-22,2291.60,2433.09,2481.06,2162.84
2021-05-21,2433.11,2766.88,2931.66,2111.42
2021-05-20,2777.55,2436.59,2988.52,2163.40
2021-05-19,2435.69,3376.22,3434.01,1922.25
2021-05-18,3377.55,3280.50,3558.57,3244.93
2021-05-17,3279.68,3582.19,3582.27,3130.12
2021-05-16,3582.12,3643.67,3877.20,3351.92
2021-05-15,3641.65,4074.57,4129.99,3639.12
2021-05-14,4075.38,3719.46,4171.76,3694.54
2021-05-13,3719.62,3807.50,4031.99,3539.96
2021-05-12,3811.77,4173.61,4366.10,3794.15
2021-05-11,4167.78,3948.66,4177.53,3781.86
2021-05-10,3947.90,3923.48,4203.98,3669.84
2021-05-09,3922.23,3905.69,3979.77,3734.44
2021-05-08,3905.55,3479.81,3952.88,3453.37
2021-05-07,3481.22,3490.83,3583.34,3363.56
2021-05-06,3489.52,3522.74,3601.59,3380.60
2021-05-05,3522.76,3284.31,3540.78,3228.86
2021-05-04,3286.71,3429.48,3516.34,3188.90
2021-05-03,3429.37,2950.07,3451.44,2950.07
2021-05-02,2950.33,2945.04,2984.52,2854.12
2021-05-01,2944.66,2772.27,2951.74,2753.60
2021-04-30,2772.78,2757.02,2797.61,2726.03
2021-04-29,2757.36,2746.51,2797.52,2670.35
2021-04-28,2746.54,2665.83,2759.03,2562.74
2021-04-27,2665.24,2531.07,2677.95,2484.44
2021-04-26,2533.12,2320.63,2539.80,2305.97
2021-04-25,2316.48,2217.23,2355.20,2169.91
2021-04-24,2215.93,2367.35,2367.46,2159.60
2021-04-23,2367.31,2398.95,2440.21,2119.26
2021-04-22,2401.10,2360.32,2642.99,2313.46
2021-04-21,2360.81,2331.84,2467.51,2238.15
2021-04-20,2332.14,2161.06,2345.18,2058.00
2021-04-19,2160.63,2236.10,2275.87,2081.30
2021-04-18,2237.17,2317.88,2338.53,1948.93
2021-04-17,2318.33,2424.12,2493.93,2314.12
2021-04-16,2423.18,2514.55,2544.54,2302.30
2021-04-15,2514.22,2432.90,2541.90,2402.75
2021-04-14,2431.56,2299.25,2445.40,2281.49
2021-04-13,2299.93,2137.55,2315.47,2136.49
2021-04-12,2137.81,2150.79,2199.52,2103.73
2021-04-11,2151.42,2133.89,2164.76,2114.55
2021-04-10,2133.79,2067.26,2197.73,2058.23
2021-04-09,2066.93,2080.20,2101.07,2050.39
2021-04-08,2079.92,1962.44,2084.08,1951.83
2021-04-07,1961.46,2112.41,2128.25,1939.64
2021-04-06,2111.53,2108.81,2150.78,2047.48
2021-04-05,2106.41,2076.14,2127.89,2004.05
2021-04-04,2075.94,2007.82,2091.31,1982.00
2021-04-03,2008.59,2134.66,2137.68,2004.40
2021-04-02,2134.55,1968.12,2144.11,1949.99
2021-04-01,1967.96,1918.82,1983.84,1897.38
2021-03-31,1917.99,1841.01,1945.40,1774.66
2021-03-30,1841.01,1816.92,1857.65,1788.60
2021-03-29,1816.69,1686.88,1839.41,1678.38
2021-03-28,1686.80,1712.89,1724.74,1661.92
2021-03-27,1713.01,1698.68,1731.73,1667.12
2021-03-26,1698.60,1586.36,1699.27,1586.28
2021-03-25,1586.54,1582.23,1621.32,1550.11
2021-03-24,1582.38,1668.42,1739.82,1546.48
2021-03-23,1667.90,1681.50,1720.01,1654.14
2021-03-22,1682.37,1783.58,1806.62,1659.28
2021-03-21,1783.72,1804.60,1815.85,1748.47
2021-03-20,1804.60,1809.09,1868.09,1801.60
2021-03-19,1809.64,1775.87,1848.88,1735.42
2021-03-18,1776.08,1823.72,1849.23,1760.83
2021-03-17,1823.35,1804.56,1837.88,1743.62
2021-03-16,1804.85,1792.08,1817.35,1715.97
2021-03-15,1792.38,1848.18,1890.59,1745.04
2021-03-14,1849.06,1921.29,1932.36,1836.78
2021-03-13,1921.13,1767.05,1943.36,1730.46
2021-03-12,1766.90,1827.44,1841.19,1723.18
2021-03-11,1825.79,1794.28,1845.32,1729.05
2021-03-10,1794.14,1869.32,1875.98,1759.50
2021-03-09,1869.10,1831.57,1869.10,1801.29
2021-03-08,1831.49,1727.17,1841.05,1665.54
2021-03-07,1728.10,1650.94,1732.84,1634.73
2021-03-06,1649.19,1530.24,1670.01,1514.62
2021-03-05,1530.29,1539.73,1548.71,1443.32
2021-03-04,1538.61,1567.84,1623.73,1506.86
2021-03-03,1571.05,1488.80,1653.04,1477.72
2021-03-02,1488.62,1570.00,1602.13,1457.22
2021-03-01,1570.03,1418.91,1571.15,1411.55
2021-02-28,1418.76,1458.84,1467.76,1294.79
2021-02-27,1458.93,1445.69,1527.69,1427.15
2021-02-26,1445.44,1476.77,1561.66,1403.30
2021-02-25,1476.15,1623.76,1669.24,1460.92
2021-02-24,1623.71,1578.27,1711.16,1505.79
2021-02-23,1578.11,1777.25,1781.44,1370.45
2021-02-22,1777.28,1933.52,1935.04,1561.68
2021-02-21,1933.45,1912.97,1974.99,1885.70
2021-02-20,1913.88,1955.54,2040.79,1800.00
2021-02-19,1955.59,1934.17,1968.93,1892.70
2021-02-18,1934.16,1849.95,1950.04,1849.05
2021-02-17,1847.95,1781.44,1854.03,1734.15
2021-02-16,1781.69,1778.63,1827.07,1726.78
2021-02-15,1778.82,1800.60,1835.51,1661.09
2021-02-14,1801.78,1815.44,1850.00,1787.11
2021-02-13,1815.49,1840.90,1871.36,1766.05
2021-02-12,1841.02,1786.74,1862.17,1741.04
2021-02-11,1786.35,1742.11,1817.68,1704.97
2021-02-10,1742.09,1770.81,1835.40,1683.52
2021-02-09,1770.63,1750.19,1818.94,1711.40
2021-02-08,1750.18,1612.98,1775.12,1566.43
2021-02-07,1612.99,1676.62,1692.29,1491.68
2021-02-06,1676.63,1719.11,1742.90,1648.03
2021-02-05,1719.20,1593.91,1760.09,1589.28
2021-02-04,1594.00,1664.19,1693.64,1570.45
2021-02-03,1664.34,1511.96,1667.93,1510.27
2021-02-02,1511.36,1373.31,1546.88,1361.63
2021-02-01,1373.40,1312.69,1376.44,1272.09
2021-01-31,1312.73,1377.05,1380.04,1282.41
2021-01-30,1376.96,1379.78,1405.78,1327.66
2021-01-29,1379.30,1329.16,1436.27,1288.26
2021-01-28,1328.47,1247.67,1359.51,1221.15
2021-01-27,1247.62,1366.14,1372.31,1210.40
2021-01-26,1366.27,1317.67,1377.94,1246.45
2021-01-25,1317.90,1390.69,1474.68,1298.13
2021-01-24,1390.28,1233.41,1398.00,1222.14
2021-01-23,1233.40,1234.34,1271.65,1196.94
2021-01-22,1234.58,1118.01,1272.85,1045.02
2021-01-21,1117.33,1377.63,1387.39,1095.26
2021-01-20,1377.53,1372.00,1406.56,1237.27
2021-01-19,1372.00,1258.10,1437.42,1252.36
2021-01-18,1258.06,1233.93,1260.30,1184.15
2021-01-17,1232.64,1228.33,1269.01,1168.39
2021-01-16,1228.27,1172.12,1290.92,1154.04
2021-01-15,1171.68,1233.34,1256.13,1079.19
2021-01-14,1226.17,1128.80,1246.52,1088.52
2021-01-13,1128.46,1050.20,1134.66,990.96
2021-01-12,1050.19,1086.96,1149.19,1008.28
2021-01-11,1091.47,1255.84,1257.30,917.96
2021-01-10,1256.04,1275.87,1347.98,1180.45
2021-01-09,1275.58,1215.92,1301.75,1172.39
2021-01-08,1215.73,1224.33,1271.08,1069.25
2021-01-07,1224.35,1208.71,1286.81,1153.09
2021-01-06,1207.77,1099.77,1210.78,1060.67
2021-01-05,1099.52,1042.48,1131.56,976.91
2021-01-04,1042.40,977.76,1158.27,894.24
2021-01-03,974.97,774.54,1008.49,769.57
2021-01-02,774.50,729.00,787.26,715.15
2021-01-01,729.12,735.87,748.96,715.74
2020-12-31,735.94,751.92,755.13,724.67
2020-12-30,751.80,732.04,757.11,720.21
2020-12-29,731.76,730.26,739.77,690.24
2020-12-28,730.05,683.76,747.86,682.47
2020-12-27,683.71,636.35,715.46,627.12
2020-12-26,636.58,626.99,652.36,616.04
2020-12-25,626.93,612.38,633.90,605.01
2020-12-24,612.34,585.47,614.92,566.15
2020-12-23,585.69,637.04,638.11,554.09
2020-12-22,637.47,607.86,637.47,588.24
2020-12-21,607.85,638.28,647.87,599.97
2020-12-20,638.26,657.79,661.04,622.39
2020-12-19,658.17,654.08,669.54,645.91
2020-12-18,653.85,643.28,664.26,630.44
2020-12-17,643.17,637.29,675.68,627.36
2020-12-16,637.38,588.81,638.18,580.90
2020-12-15,588.91,586.22,596.97,579.95
2020-12-14,586.19,590.66,591.41,576.01
2020-12-13,591.09,568.07,594.83,563.37
2020-12-12,567.78,544.16,573.59,543.90
2020-12-11,544.17,558.15,560.28,536.43
2020-12-10,558.13,573.28,575.56,548.99
2020-12-09,573.21,554.95,577.94,530.88
2020-12-08,555.05,591.03,594.78,551.08
2020-12-07,591.09,601.54,603.06,584.53
2020-12-06,601.68,596.61,606.90,583.67
2020-12-05,596.68,567.84,596.73,561.24
2020-12-04,567.91,616.33,619.61,566.34
2020-12-03,616.32,597.94,622.10,587.15
2020-12-02,598.05,585.69,604.34,575.24
2020-12-01,585.66,616.78,635.66,567.79
2020-11-30,615.92,575.35,615.97,571.04
2020-11-29,575.45,537.89,576.52,530.71
2020-11-28,537.74,518.70,547.94,506.97
2020-11-27,518.11,519.69,530.41,494.65
2020-11-26,519.32,569.69,577.08,484.03
2020-11-25,569.67,605.01,605.63,555.32
2020-11-24,605.03,609.20,621.70,589.56
2020-11-23,609.22,559.37,610.33,551.80
2020-11-22,559.40,551.90,580.00,514.44
2020-11-21,551.91,509.94,552.13,505.14
2020-11-20,509.98,471.27,513.06,471.06
2020-11-19,471.21,478.55,480.55,465.41
2020-11-18,478.52,482.05,495.04,459.92
2020-11-17,481.95,460.37,484.59,459.74
2020-11-16,460.43,448.18,465.97,445.82
2020-11-15,448.23,460.75,462.93,440.44
2020-11-14,460.70,476.38,477.34,452.60
2020-11-13,476.29,462.61,477.78,457.65
2020-11-12,462.56,463.33,469.57,452.44
2020-11-11,463.33,450.26,476.08,449.51
2020-11-10,450.22,444.38,454.43,439.50
2020-11-09,444.33,454.55,458.51,434.95
2020-11-08,454.68,435.39,460.09,432.44
2020-11-07,435.40,455.78,467.88,425.57
2020-11-06,455.72,416.59,457.79,415.08
2020-11-05,416.63,402.50,419.94,396.46
2020-11-04,402.19,388.23,407.90,377.22
2020-11-03,387.92,383.64,389.98,370.96
2020-11-02,383.53,396.45,404.04,379.13
2020-11-01,396.29,386.36,397.32,384.94
2020-10-31,386.42,382.81,394.01,380.53
2020-10-30,382.41,387.16,391.98,374.36
2020-10-29,386.76,388.25,393.33,381.53
2020-10-28,388.14,403.11,408.10,381.51
2020-10-27,403.15,393.93,409.85,390.92
2020-10-26,394.11,406.45,410.41,383.21
2020-10-25,406.09,412.44,417.07,403.95
2020-10-24,411.92,408.59,416.28,407.74
2020-10-23,408.52,414.12,419.11,402.91
2020-10-22,414.05,391.39,420.12,391.21
2020-10-21,391.20,368.53,400.36,368.06
2020-10-20,368.35,379.03,380.14,367.16
2020-10-19,379.19,377.85,383.97,372.72
2020-10-18,377.81,368.61,378.49,367.54
2020-10-17,368.63,365.08,369.94,363.18
2020-10-16,365.17,377.60,379.60,362.65
2020-10-15,377.45,378.96,380.77,370.39
2020-10-14,379.15,381.13,387.11,373.62
2020-10-13,381.23,386.64,387.06,374.57
2020-10-12,386.68,374.39,394.58,366.05
2020-10-11,374.19,370.28,377.27,369.23
2020-10-10,370.16,365.25,377.97,364.57
2020-10-09,365.28,350.71,368.19,347.82
2020-10-08,350.83,341.66,352.95,334.79
2020-10-07,341.48,340.59,342.68,334.11
2020-10-06,340.61,353.53,354.90,337.21
2020-10-05,353.28,352.69,354.86,348.76
2020-10-04,352.73,345.60,353.97,344.03
2020-10-03,345.60,345.78,351.04,343.74
2020-10-02,345.68,353.06,353.61,335.91
2020-10-01,353.07,359.50,369.10,345.66
2020-09-30,359.39,359.77,360.94,352.81
2020-09-29,359.86,353.97,360.66,351.48
2020-09-28,354.08,357.42,367.63,352.57
2020-09-27,357.23,354.26,362.00,347.51
2020-09-26,354.25,351.62,355.87,346.95
2020-09-25,351.63,349.13,357.80,338.01
2020-09-24,349.17,319.97,352.60,317.27
2020-09-23,319.95,343.96,344.12,315.54
2020-09-22,344.03,341.32,346.19,336.15
2020-09-21,341.30,371.09,375.34,331.41
2020-09-20,371.12,385.33,385.39,365.48
2020-09-19,385.25,384.25,386.99,377.63
2020-09-18,384.20,389.37,392.21,375.81
2020-09-17,388.97,364.75,393.96,363.54
2020-09-16,364.88,363.91,372.88,355.18
2020-09-15,364.01,376.70,381.67,362.40
2020-09-14,376.70,365.89,383.99,357.54
2020-09-13,365.71,388.06,389.51,353.85
2020-09-12,387.98,373.74,388.12,366.05
2020-09-11,373.72,367.89,374.41,356.38
2020-09-10,367.92,351.10,376.92,350.86
2020-09-09,351.10,337.46,358.33,331.12
2020-09-08,337.46,352.06,355.69,326.66
2020-09-07,352.06,353.49,357.33,325.47
2020-09-06,353.49,334.91,358.09,316.69
2020-09-05,334.91,385.94,394.12,314.13
2020-09-04,385.94,381.97,399.58,368.22
2020-09-03,381.97,439.14,466.40,376.99
2020-09-02,439.08,475.72,480.96,423.26
2020-09-01,475.80,433.89,488.24,429.65
2020-08-31,433.90,428.81,438.71,418.35
2020-08-30,428.86,398.80,429.59,398.47
2020-08-29,398.80,395.32,405.53,391.97
2020-08-28,395.11,383.16,397.64,379.80
2020-08-27,383.11,385.96,396.48,372.53
2020-08-26,385.96,383.16,392.61,377.63
2020-08-25,383.20,407.64,409.02,370.40
2020-08-24,407.70,390.81,410.17,387.62
2020-08-23,390.50,395.56,396.96,383.42
2020-08-22,395.56,388.06,396.87,379.96
2020-08-21,387.99,416.05,418.72,385.21
2020-08-20,416.05,407.39,418.92,402.80
2020-08-19,407.44,422.10,426.65,394.51
2020-08-18,422.16,430.63,433.65,415.45
2020-08-17,430.56,433.62,444.86,420.71
2020-08-16,433.63,432.22,436.58,413.22
2020-08-15,432.18,438.04,442.70,428.75
2020-08-14,438.03,424.28,443.74,418.37
2020-08-13,424.31,387.15,430.33,377.57
2020-08-12,387.12,379.03,389.21,367.05
2020-08-11,379.01,395.52,398.13,367.38
2020-08-10,395.53,390.22,399.05,386.45
2020-08-09,390.23,396.78,399.93,384.31
2020-08-08,396.76,379.57,396.77,376.38
2020-08-07,379.57,394.80,398.14,366.44
2020-08-06,394.83,400.80,403.18,391.67
2020-08-05,400.79,389.62,406.92,384.84
2020-08-04,389.62,385.86,402.01,381.30
2020-08-03,385.80,372.26,397.73,368.46
2020-08-02,372.08,387.15,415.08,335.76
2020-08-01,387.14,346.48,392.37,343.33
2020-07-31,346.51,334.84,349.34,329.02
2020-07-30,334.87,317.79,341.11,314.83
2020-07-29,317.82,316.95,324.93,312.64
2020-07-28,316.96,321.82,326.53,306.40
2020-07-27,321.80,311.12,332.57,311.04
2020-07-26,311.13,305.32,318.54,300.33
2020-07-25,305.32,279.33,308.57,279.33
2020-07-24,279.33,275.33,287.01,268.54
2020-07-23,275.34,263.29,279.53,260.70
2020-07-22,263.28,245.54,266.42,241.89
2020-07-21,245.53,236.10,246.49,235.67
2020-07-20,236.10,239.03,239.71,234.51
2020-07-19,239.01,235.72,239.70,233.35
2020-07-18,235.75,232.77,236.83,232.40
2020-07-17,232.75,233.65,234.53,231.84
2020-07-16,233.65,238.62,239.47,230.44
2020-07-15,238.62,240.49,241.36,237.04
2020-07-14,240.50,239.75,242.08,237.21
2020-07-13,239.73,242.84,245.04,237.71
2020-07-12,242.75,239.20,243.79,236.91
2020-07-11,239.20,241.21,241.64,237.76
2020-07-10,241.26,242.01,242.17,236.19
2020-07-09,242.02,246.93,247.63,238.28
2020-07-08,246.99,239.26,248.76,238.00
2020-07-07,239.25,241.56,243.43,234.92
2020-07-06,241.56,227.95,241.64,227.10
2020-07-05,227.98,229.09,229.80,223.79
2020-07-04,229.15,225.09,230.40,224.80
2020-07-03,225.12,226.42,228.14,224.77
2020-07-02,226.42,230.96,232.04,223.53
2020-07-01,230.95,225.61,232.47,224.33
2020-06-30,225.63,227.88,228.57,223.23
2020-06-29,227.87,225.09,229.83,221.60
2020-06-28,225.09,221.07,227.74,218.46
2020-06-27,221.06,229.72,231.30,217.11
2020-06-26,229.67,232.57,233.50,228.16
2020-06-25,232.56,234.75,235.29,227.99
2020-06-24,234.75,243.20,249.23,231.56
2020-06-23,243.20,243.24,244.77,240.94
2020-06-22,243.25,228.11,246.39,227.69
2020-06-21,228.13,228.87,231.18,227.38
2020-06-20,228.86,229.11,230.96,226.28
2020-06-19,229.11,231.34,231.94,226.97
2020-06-18,231.34,233.85,234.69,228.13
2020-06-17,233.88,235.37,236.55,228.63
2020-06-16,235.36,230.92,235.95,228.99
2020-06-15,230.93,231.99,233.34,219.06
2020-06-14,232.02,238.23,238.48,230.52
2020-06-13,238.22,237.55,238.61,234.86
2020-06-12,237.54,230.72,239.23,228.62
2020-06-11,230.71,247.79,249.77,227.01
2020-06-10,247.78,243.82,249.51,242.54
2020-06-09,243.82,246.19,249.45,240.18
2020-06-08,246.18,244.56,247.11,241.30
2020-06-07,244.56,242.00,244.94,235.44
2020-06-06,242.00,240.27,244.43,238.38
2020-06-05,240.23,243.37,247.50,239.70
2020-06-04,243.37,244.53,246.41,236.68
2020-06-03,244.52,237.90,244.76,233.84
2020-06-02,237.94,248.01,253.21,227.95
2020-06-01,247.97,231.80,249.81,230.85
2020-05-31,231.81,243.63,245.33,230.31
2020-05-30,243.63,220.66,246.55,218.86
2020-05-29,220.66,220.14,224.52,217.84
2020-05-28,220.18,208.20,220.33,204.79
2020-05-27,208.18,200.99,208.18,200.85
2020-05-26,201.00,204.13,204.90,197.30
2020-05-25,204.13,199.99,205.52,198.57
2020-05-24,199.97,206.65,210.40,199.97
2020-05-23,206.62,207.35,211.03,204.97
2020-05-22,207.35,198.75,209.04,196.68
2020-05-21,198.75,210.00,211.58,192.11
2020-05-20,209.99,214.52,215.28,207.03
2020-05-19,214.51,214.88,215.75,209.79
2020-05-18,214.87,207.00,217.00,207.00
2020-05-17,207.00,200.51,209.79,199.77
2020-05-16,200.51,194.85,203.12,193.48
2020-05-15,194.85,203.29,204.02,192.61
2020-05-14,203.30,199.58,205.82,196.21
2020-05-13,199.58,189.82,200.82,188.59
2020-05-12,189.84,185.82,192.04,185.68
2020-05-11,185.96,187.77,193.26,177.43
2020-05-10,187.78,210.19,210.19,180.70
2020-05-09,210.22,211.47,214.50,208.83
2020-05-08,211.45,212.00,216.44,207.25
2020-05-07,212.00,199.05,214.00,197.36
2020-05-06,199.04,205.36,210.62,198.79
2020-05-05,205.36,206.59,211.33,201.75
2020-05-04,206.61,209.85,210.63,195.25
2020-05-03,209.83,213.96,218.74,205.50
2020-05-02,213.96,212.00,215.15,210.51
2020-05-01,212.00,206.23,216.99,206.06
2020-04-30,206.22,215.42,227.05,202.59
2020-04-29,215.40,196.55,218.32,196.45
2020-04-28,196.55,196.13,197.51,192.47
2020-04-27,196.14,197.35,198.80,190.87
2020-04-26,197.35,194.01,199.30,192.52
2020-04-25,194.01,187.57,197.35,186.03
2020-04-24,187.58,185.48,189.33,185.19
2020-04-23,185.46,182.72,192.40,178.54
2020-04-22,182.72,170.79,183.71,169.93
2020-04-21,170.79,170.37,174.48,168.31
2020-04-20,170.40,180.12,186.24,167.51
2020-04-19,180.13,187.47,188.23,177.24
2020-04-18,187.45,170.63,189.22,170.61
2020-04-17,170.63,172.32,174.52,168.55
2020-04-16,172.31,152.90,174.28,148.91
2020-04-15,152.90,158.43,161.06,152.44
2020-04-14,158.45,156.36,161.57,155.52
2020-04-13,156.38,158.76,158.85,150.60
2020-04-12,158.73,158.18,164.75,155.17
2020-04-11,158.18,157.85,161.37,154.01
2020-04-10,157.86,169.67,170.10,152.52
2020-04-09,169.68,173.01,173.20,165.91
2020-04-08,173.00,164.71,174.23,163.73
2020-04-07,164.71,171.07,175.78,162.75
2020-04-06,171.06,142.58,171.24,142.55
2020-04-05,142.58,144.03,145.26,140.84
2020-04-04,144.01,141.13,145.71,139.36
2020-04-03,141.14,141.29,146.46,138.01
2020-04-02,141.30,135.65,148.91,135.26
2020-04-01,135.66,132.88,136.56,128.93
2020-03-31,132.86,132.15,135.14,130.54
2020-03-30,132.15,125.24,134.72,125.02
2020-03-29,125.24,131.02,131.74,124.84
2020-03-28,131.03,131.74,132.68,125.48
2020-03-27,131.74,138.38,140.99,131.09
2020-03-26,138.38,136.08,139.22,133.69
2020-03-25,136.07,138.59,141.88,133.06
2020-03-24,138.62,136.00,142.90,132.67
2020-03-23,136.02,122.46,136.93,120.20
2020-03-22,122.41,132.59,136.86,121.37
2020-03-21,132.58,133.32,137.33,126.01
2020-03-20,133.32,135.43,151.85,118.07
2020-03-19,135.43,117.76,141.05,115.59
2020-03-18,117.77,115.95,117.91,110.16
2020-03-17,116.06,111.06,120.60,109.67
2020-03-16,111.02,124.35,124.38,102.44
2020-03-15,124.35,122.67,132.13,120.93
2020-03-14,122.69,134.02,134.58,121.27
2020-03-13,133.99,107.87,138.86,88.50
2020-03-12,107.90,194.57,195.40,102.83
2020-03-11,194.58,200.61,202.96,182.15
2020-03-10,200.56,202.88,205.62,196.17
2020-03-09,202.85,199.21,208.23,190.73
2020-03-08,199.16,237.30,237.30,196.71
2020-03-07,237.32,244.87,251.55,236.87
2020-03-06,244.90,228.46,244.98,227.71
2020-03-05,228.45,224.36,233.96,224.34
2020-03-04,224.38,223.94,228.66,220.74
2020-03-03,223.94,231.90,232.37,220.34
2020-03-02,231.87,217.96,234.24,216.23
2020-03-01,217.99,217.51,227.44,213.00
2020-02-29,217.52,226.94,232.87,217.43
2020-02-28,226.93,227.60,234.55,214.47
2020-02-27,227.53,224.30,238.07,210.36
2020-02-26,224.30,246.97,250.05,216.39
2020-02-25,246.96,265.63,266.17,245.75
2020-02-24,265.65,274.72,276.81,258.15
2020-02-23,274.72,261.65,275.30,261.24
2020-02-22,261.64,265.14,266.71,256.97
2020-02-21,265.11,257.32,267.80,254.15
2020-02-20,257.39,259.07,264.22,246.46
2020-02-19,259.12,282.33,285.75,253.88
2020-02-18,282.26,267.71,285.59,259.30
2020-02-17,267.63,259.92,268.45,242.11
2020-02-16,259.99,264.87,273.81,237.89
2020-02-15,264.87,285.17,287.93,262.45
2020-02-14,285.25,268.71,286.34,260.78
2020-02-13,268.75,265.59,277.39,257.09
2020-02-12,265.58,236.75,274.89,236.73
2020-02-11,236.76,222.94,238.61,218.22
2020-02-10,222.95,228.61,229.28,217.02
2020-02-09,228.59,223.23,230.38,223.07
2020-02-08,223.23,223.47,227.55,213.75
2020-02-07,223.51,213.15,224.53,213.14
2020-02-06,213.16,203.84,216.14,201.29
2020-02-05,203.83,188.94,207.51,188.26
2020-02-04,188.93,189.80,191.48,188.93
2020-02-03,189.79,188.48,194.92,187.16
2020-02-02,188.50,183.58,193.25,179.49
2020-02-01,183.64,179.88,184.17,179.36
2020-01-31,179.91,184.60,185.67,175.46
2020-01-30,184.59,173.86,186.76,171.20
2020-01-29,173.86,175.78,178.41,173.76
2020-01-28,175.74,170.27,176.06,170.27
2020-01-27,170.27,167.91,171.97,165.45
2020-01-26,167.90,160.40,168.00,159.55
2020-01-25,160.44,162.56,162.72,157.87
2020-01-24,162.55,162.80,164.27,155.65
2020-01-23,162.80,168.15,168.25,159.78
2020-01-22,168.13,169.41,171.27,166.19
2020-01-21,169.41,166.87,169.79,165.53
2020-01-20,166.87,166.92,169.24,161.61
2020-01-19,166.92,174.17,177.77,162.04
2020-01-18,174.19,170.18,179.29,165.34
2020-01-17,170.22,164.39,173.96,162.33
2020-01-16,164.36,166.44,167.18,159.08
2020-01-15,166.45,166.07,166.45,159.74
2020-01-14,166.07,143.59,169.73,143.59
2020-01-13,143.60,146.50,146.87,142.64
2020-01-12,146.46,142.65,146.46,142.00
2020-01-11,142.67,144.81,147.68,142.23
2020-01-10,144.81,137.93,144.86,135.69
2020-01-09,137.92,140.80,141.60,135.85
2020-01-08,140.81,143.01,147.55,137.61
2020-01-07,143.04,144.09,145.13,139.22
2020-01-06,144.08,135.59,144.27,135.17
2020-01-05,135.59,134.32,138.33,134.32
2020-01-04,134.33,134.30,135.57,132.76
2020-01-03,134.27,127.19,134.86,126.05
2020-01-02,127.19,130.75,130.77,126.74
2020-01-01,130.75,129.21,132.97,128.81
,,,,
,,,,
,,,,
,,,,
,,,,
,,,,
,,,,
,,,,
,,,,
,,,,
,,,,
,,,,
,,,,
,,,,
,,,,
,,,,
,,,,
,,,,
,,,,
,,,,
,,,,
,,,,
,,,,
,,,,
,,,,
,,,,
,,,,
,,,,
,,,,
,,,,
,,,,
,,,,
,,,,
,,,,
,,,,
,,,,
,,,,
,,,,
,,,,
,,,,
,,,,
,,,,
,,,,
,,,,
,,,,
,,,,
,,,,
,,,,
,,,,
,,,,
,,,,
,,,,
,,,,
,,,,
,,,,
,,,,
,,,,
,,,,
,,,,
,,,,
,,,,
,,,,
,,,,
,,,,
,,,,
,,,,
,,,,
,,,,
,,,,
,,,,
,,,,
,,,,
,,,,
,,,,
,,,,
,,,,
,,,,
,,,,
,,,,
,,,,
,,,,
,,,,
,,,,
,,,,
,,,,
,,,,
,,,,
,,,,
,,,,
,,,,
,,,,
,,,,
,,,,
,,,,
,,,,
,,,,
,,,,
,,,,
,,,,
,,,,
,,,,
,,,,
,,,,
,,,,
,,,,
,,,,
,,,,
,,,,
,,,,
,,,,
,,,,
,,,,
,,,,
,,,,
,,,,
,,,,
,,,,
,,,,
,,,,
,,,,
,,,,
,,,,
,,,,
,,,,
,,,,
,,,,
,,,,
,,,,
,,,,
,,,,
,,,,
,,,,
,,,,
,,,,
,,,,
,,,,
,,,,
,,,,
,,,,
,,,,
,,,,
,,,,
,,,,
,,,,
,,,,
,,,,
,,,,
,,,,
,,,,
,,,,
,,,,
,,,,
,,,,
,,,,
,,,,
,,,,
,,,,
,,,,
,,,,
,,,,
,,,,
,,,,
,,,,
,,,,
,,,,
,,,,
,,,,
,,,,
,,,,
,,,,
,,,,
,,,,
,,,,
,,,,
,,,,
,,,,
,,,,
,,,,
,,,,
,,,,
,,,,
,,,,
,,,,
,,,,
,,,,
,,,,
,,,,
,,,,
,,,,
,,,,
,,,,
,,,,
,,,,
,,,,
,,,,
,,,,
,,,,
,,,,
,,,,
,,,,
,,,,
,,,,
,,,,
,,,,
,,,,
,,,,
,,,,
,,,,
,,,,
,,,,
,,,,
,,,,
,,,,
,,,,
,,,,
,,,,
,,,,
,,,,
,,,,
,,,,
,,,,
,,,,
,,,,
,,,,
,,,,
,,,,
,,,,
,,,,
,,,,
,,,,
,,,,
,,,,
,,,,
,,,,
,,,,
,,,,
,,,,
,,,,
,,,,
,,,,
,,,,
,,,,
,,,,
,,,,
,,,,
,,,,
,,,,
,,,,
,,,,
,,,,
,,,,
,,,,
,,,,
,,,,
,,,,
,,,,
,,,,
,,,,
,,,,
,,,,
,,,,
,,,,
,,,,
,,,,
,,,,
,,,,
,,,,
,,,,
,,,,
,,,,
,,,,
,,,,
,,,,
,,,,
,,,,
,,,,
,,,,
,,,,
,,,,
,,,,
,,,,
,,,,
,,,,
,,,,
,,,,
,,,,
,,,,
,,,,
,,,,
,,,,
,,,,
,,,,
,,,,
,,,,
,,,,
,,,,
,,,,
,,,,
,,,,
,,,,
,,,,
,,,,
,,,,
,,,,
,,,,
,,,,
,,,,
,,,,
,,,,
,,,,
,,,,
,,,,
,,,,
,,,,
,,,,
,,,,
,,,,
,,,,
,,,,
,,,,
,,,,
,,,,
,,,,
,,,,
,,,,
,,,,
,,,,
,,,,
,,,,
,,,,
,,,,
,,,,
,,,,
,,,,
,,,,
,,,,
,,,,
,,,,
,,,,
,,,,
,,,,
,,,,
,,,,
,,,,
,,,,
,,,,
,,,,
,,,,
,,,,
,,,,
,,,,
,,,,
,,,,
,,,,
,,,,
,,,,
,,,,
,,,,
,,,,
,,,,
,,,,
,,,,
,,,,
,,,,
,,,,
,,,,
,,,,
,,,,
,,,,
,,,,
,,,,
,,,,
,,,,
,,,,
,,,,
,,,,
,,,,
,,,,
,,,,
,,,,
,,,,
,,,,
,,,,
,,,,
,,,,
,,,,
,,,,
,,,,
,,,,
,,,,
,,,,
,,,,
,,,,
,,,,
,,,,
,,,,
,,,,
,,,,
,,,,
,,,,
,,,,
,,,,
,,,,
,,,,
,,,,
,,,,
,,,,
,,,,
,,,,
,,,,
,,,,
,,,,
,,,,
,,,,
,,,,
,,,,
,,,,
,,,,
,,,,
,,,,
,,,,
,,,,
,,,,
,,,,
,,,,
,,,,
,,,,
,,,,
,,,,
,,,,
,,,,
,,,,
,,,,
,,,,
,,,,
,,,,
,,,,
,,,,
,,,,
,,,,
,,,,
,,,,
,,,,
,,,,
,,,,
,,,,
,,,,
,,,,
,,,,
,,,,
,,,,
,,,,
,,,,
,,,,
,,,,
,,,,
,,,,
,,,,
,,,,
,,,,
,,,,
,,,,
,,,,
,,,,
,,,,
,,,,
,,,,
,,,,
,,,,
,,,,
,,,,
,,,,
,,,,
,,,,
,,,,
,,,,
,,,,
,,,,
,,,,
,,,,
,,,,
,,,,
,,,,
,,,,
,,,,
,,,,
,,,,
,,,,
,,,,
,,,,
,,,,
,,,,
,,,,
,,,,
,,,,
,,,,
,,,,
,,,,
,,,,
,,,,
,,,,
,,,,
,,,,
,,,,
,,,,
,,,,
,,,,
,,,,
,,,,
,,,,
,,,,
,,,,
,,,,
,,,,
,,,,
,,,,
,,,,
,,,,
,,,,
,,,,
,,,,
,,,,
,,,,
,,,,
,,,,
,,,,
,,,,
,,,,
,,,,
,,,,
,,,,
,,,,
,,,,
,,,,
,,,,
,,,,
,,,,
,,,,
,,,,
,,,,
,,,,
,,,,
,,,,
,,,,
,,,,
,,,,
,,,,
,,,,
,,,,
,,,,
,,,,
,,,,
,,,,
,,,,
,,,,
,,,,
,,,,
,,,,
,,,,
,,,,
,,,,
,,,,
,,,,
,,,,
,,,,
,,,,
,,,,
,,,,
,,,,
,,,,
,,,,
,,,,
,,,,
,,,,
,,,,
,,,,
,,,,
,,,,
,,,,
,,,,
,,,,
,,,,
,,,,
,,,,
,,,,
,,,,
,,,,
,,,,
,,,,
,,,,
,,,,
,,,,
,,,,
,,,,
,,,,
,,,,
,,,,
,,,,
,,,,
,,,,
,,,,
,,,,
,,,,
,,,,
,,,,
,,,,
,,,,
,,,,
,,,,
,,,,
,,,,
,,,,
,,,,
,,,,
,,,,
,,,,
,,,,
,,,,
,,,,
,,,,
,,,,
,,,,
,,,,
,,,,
,,,,
,,,,
,,,,
,,,,
,,,,
,,,,
,,,,
,,,,
,,,,
,,,,
,,,,
,,,,
,,,,
,,,,
,,,,
,,,,
,,,,
,,,,
,,,,
,,,,
,,,,
,,,,
,,,,
,,,,
,,,,
,,,,
,,,,
,,,,
,,,,
,,,,
,,,,
,,,,
,,,,
,,,,
,,,,
,,,,
,,,,
,,,,
,,,,
,,,,
,,,,
,,,,
,,,,
,,,,
,,,,
,,,,
,,,,
,,,,
,,,,
,,,,
,,,,
,,,,
,,,,
,,,,
,,,,
,,,,
,,,,
,,,,
,,,,
,,,,
,,,,
,,,,
,,,,
,,,,
,,,,
,,,,
,,,,
,,,,
,,,,
,,,,
,,,,
,,,,
,,,,
,,,,
,,,,
,,,,
,,,,
,,,,
,,,,
,,,,
,,,,
,,,,
,,,,
,,,,
,,,,
,,,,
,,,,
,,,,
,,,,
,,,,
,,,,
,,,,
,,,,
,,,,
,,,,
,,,,
,,,,
,,,,
,,,,
,,,,
,,,,
,,,,
,,,,
,,,,
,,,,
,,,,
,,,,
,,,,
,,,,
,,,,
,,,,
,,,,
,,,,
,,,,
,,,,
,,,,
,,,,
,,,,
,,,,
,,,,
,,,,
,,,,
,,,,
,,,,
,,,,
,,,,
,,,,
,,,,
,,,,
,,,,
,,,,
,,,,
,,,,
,,,,
,,,,
,,,,
,,,,
,,,,
,,,,
,,,,
,,,,
,,,,
,,,,
,,,,
,,,,
,,,,
,,,,
,,,,
,,,,
,,,,
,,,,
,,,,
,,,,
,,,,
,,,,
,,,,
,,,,
,,,,
,,,,
,,,,
,,,,
,,,,
,,,,
,,,,
,,,,
,,,,
,,,,
,,,,
,,,,
,,,,
,,,,
,,,,
,,,,
,,,,
,,,,
,,,,
,,,,
,,,,
,,,,
,,,,
,,,,
,,,,
,,,,
,,,,
,,,,
,,,,
,,,,
,,,,
,,,,
,,,,
,,,,
,,,,
,,,,
,,,,
,,,,
,,,,
,,,,
,,,,
,,,,
,,,,
,,,,
,,,,
,,,,
,,,,
,,,,
,,,,
,,,,
,,,,
,,,,
,,,,
,,,,
,,,,
,,,,
,,,,
,,,,
,,,,
,,,,
,,,,
,,,,
,,,,
,,,,
,,,,
,,,,
,,,,
,,,,
,,,,
,,,,
,,,,
,,,,
,,,,
,,,,
,,,,
,,,,
,,,,
,,,,
,,,,
,,,,
,,,,
,,,,
,,,,
,,,,
,,,,
,,,,
,,,,
,,,,
,,,,
,,,,
,,,,
,,,,
,,,,
,,,,
,,,,
,,,,
,,,,
,,,,
,,,,
,,,,
,,,,
,,,,
,,,,
,,,,
,,,,
,,,,
,,,,
,,,,
,,,,
,,,,
,,,,
,,,,
,,,,
,,,,
,,,,
,,,,
,,,,
,,,,
,,,,
,,,,
,,,,
,,,,
,,,,
,,,,
,,,,
,,,,
,,,,
,,,,
,,,,
,,,,
,,,,
,,,,
,,,,
,,,,
,,,,
,,,,
,,,,
,,,,
,,,,
,,,,
,,,,
,,,,
,,,,
,,,,
,,,,
,,,,
,,,,
,,,,
,,,,
,,,,
,,,,
,,,,
,,,,
,,,,
,,,,
,,,,
,,,,
,,,,
,,,,
,,,,
,,,,
,,,,
,,,,
,,,,
,,,,
,,,,
,,,,
,,,,
,,,,
,,,,
,,,,
,,,,
,,,,
,,,,
,,,,
,,,,
,,,,
,,,,
,,,,
,,,,
,,,,
,,,,
,,,,
,,,,
,,,,
,,,,
,,,,
,,,,
,,,,
,,,,
,,,,
,,,,
,,,,